code,category,name,description,material,capacity,colors,price_inr,source_page,source_code,image_region,raw_excerpt,data_status
XG-EL-001,Electronics,XG-T1,RECTRACTABLE USB CHARGING CABLE 100Cm 4in1 FSC BAMBOO FAST CHARGING cable,,100Cm,"BLACK;white",,25,XG-EL-001,top-left,y y  &  i  \  \. — EN XG-EL-001 XG-EL-002 e y eo Color Option y Color Option XG-EL-003 XG-EL-004 Color Option Color Option di XG-EL-005 XG-EL-006 e i g e Color Option y Color Option,VERIFIED_FROM_CATALOGUE
XG-EL-002,Electronics,XG-T2,,PVC,,"Black;blue;Red",,25,XG-EL-002,top-right,y y  &  i  \  \. — EN XG-EL-001 XG-EL-002 e y eo Color Option y Color Option XG-EL-003 XG-EL-004 Color Option Color Option di XG-EL-005 XG-EL-006 e i g e Color Option y Color Option,VERIFIED_FROM_CATALOGUE
XG-EL-003,Electronics,XG-M03,,mdf+pvc,,"Black White;Brown Silver",,25,XG-EL-003,middle-left,y y  &  i  \  \. — EN XG-EL-001 XG-EL-002 e y eo Color Option y Color Option XG-EL-003 XG-EL-004 Color Option Color Option di XG-EL-005 XG-EL-006 e i g e Color Option y Color Option,VERIFIED_FROM_CATALOGUE
XG-EL-004,Electronics,XG-14,,LCD Desk Alarm clock White withCalendar and Digital Temperature Humidity Modern home Office Watch Battery Operated,,BAMBOO MUG,,25,XG-EL-004,middle-right,y y  &  i  \  \. — EN XG-EL-001 XG-EL-002 e y eo Color Option y Color Option XG-EL-003 XG-EL-004 Color Option Color Option di XG-EL-005 XG-EL-006 e i g e Color Option y Color Option,VERIFIED_FROM_CATALOGUE
XG-EL-005,Electronics,XG-T5,,Cheap Night Light Pen Stand with Speaker LED Backlight Smart Desk lamp google smart speaker LED Light Music computer speaker,,"Blue;White;Orange",,25,XG-EL-005,bottom-left,y y  &  i  \  \. — EN XG-EL-001 XG-EL-002 e y eo Color Option y Color Option XG-EL-003 XG-EL-004 Color Option Color Option di XG-EL-005 XG-EL-006 e i g e Color Option y Color Option,VERIFIED_FROM_CATALOGUE
XG-EL-006,Electronics,XG-T6,,Portable USB Cable Card USB Adapter Kit Storage Set Multi Charging Cable Case USB-C Cable/Light/Micro-USB Adapter for travel,,Black White,,25,XG-EL-006,bottom-right,y y  &  i  \  \. — EN XG-EL-001 XG-EL-002 e y eo Color Option y Color Option XG-EL-003 XG-EL-004 Color Option Color Option di XG-EL-005 XG-EL-006 e i g e Color Option y Color Option,VERIFIED_FROM_CATALOGUE
XG-EL-007,Electronics,XG-T7,,,,"BLACK;white",,26,XG-EL-007,middle-left,y y  &  |  i XG-EL-007 XG-EL-008 ® / eee Color Option tt Color Option XG-EL-009 XG-EL-010 eo e y Color Option Color Option y XG-EL-O11 XG-EL-012 e e _ Color Option y Color Option,VERIFIED_FROM_CATALOGUE
XG-EL-008,Electronics,XG-T8,Custom Logo Free Sample USB Flash Drive Key USB Credit Card,Plastic,1GB 2GB 4GB 8GB 16GB 32GB 64GB,"Black;blue;Red",,26,XG-EL-008,middle-right,y y  &  |  i XG-EL-007 XG-EL-008 ® / eee Color Option tt Color Option XG-EL-009 XG-EL-010 eo e y Color Option Color Option y XG-EL-O11 XG-EL-012 e e _ Color Option y Color Option,VERIFIED_FROM_CATALOGUE
XG-EL-009,Electronics,XG-T9,,PVC,,"Black;Red;Blue",,26,XG-EL-009,bottom-left,y y  &  |  i XG-EL-007 XG-EL-008 ® / eee Color Option tt Color Option XG-EL-009 XG-EL-010 eo e y Color Option Color Option y XG-EL-O11 XG-EL-012 e e _ Color Option y Color Option,VERIFIED_FROM_CATALOGUE
XG-EL-010,Electronics,XG-110,4in1 LED emergency camping tent reading lamp USB rechargeable lantern multifunctional desk lamp,,,"Black;White;Green",,26,XG-EL-010,bottom-center,y y  &  |  i XG-EL-007 XG-EL-008 ® / eee Color Option tt Color Option XG-EL-009 XG-EL-010 eo e y Color Option Color Option y XG-EL-O11 XG-EL-012 e e _ Color Option y Color Option,VERIFIED_FROM_CATALOGUE
XG-EL-011,Electronics,XG-T11,Trending 2024 New Electronic Gadgets Mini Party Speaker Sound Bar with Phone Holder Alarm Clock Bass Subwoofer Portable Speakers,,,"Black;White",,26,XG-EL-011,bottom-left,,VERIFIED_FROM_CATALOGUE
XG-EL-012,Electronics,XG-T12,Multi-function Custom Logo Alarm Clock Desktop Night Light Intelligence Quality 3-in-1 Wireless Charger Fast Charging Station,,,"Black;White",,26,XG-EL-012,bottom-right,y y  &  |  i XG-EL-007 XG-EL-008 ® / eee Color Option tt Color Option XG-EL-009 XG-EL-010 eo e y Color Option Color Option y XG-EL-O11 XG-EL-012 e e _ Color Option y Color Option,VERIFIED_FROM_CATALOGUE
XG-EL-013,Electronics,Ready to Ship New product ideas 2024 3 in 1 Wireless charger HD BT Speaker Phone charger With LED Warm Light Portable Stereo sound Speaker,Ready to Ship New product ideas 2024 3 in 1 Wireless charger HD BT Speaker Phone charger With LED Warm Light Portable Stereo sound Speaker,,,Gray Golden,,27,XG-EL-013,middle-left,y y/ & { \ XG-EL-013 7 XG-EL-014 Color Option tt Color Option XG-EL-015 XG-EL-016 Color Option Color Option y XG-EL-017 XG-EL-018 e e Color Option it Color Option,VERIFIED_FROM_CATALOGUE
XG-EL-014,Electronics,RECHARGEABLE TABLE LAMP WITH MOBILE HOLDER,RECHARGEABLE TABLE LAMP WITH MOBILE HOLDER,PC,,white,,27,XG-EL-014,middle-right,y y/ & { \ XG-EL-013 7 XG-EL-014 Color Option tt Color Option XG-EL-015 XG-EL-016 Color Option Color Option y XG-EL-017 XG-EL-018 e e Color Option it Color Option,VERIFIED_FROM_CATALOGUE
XG-EL-015,Electronics,Mushroom bed lamp with touch,"Sensor touch USB RECHARGEABLE LAMP
Packing : color box",ABS,,milky white,,27,XG-EL-015,bottom-left,y y/ & { \ XG-EL-013 7 XG-EL-014 Color Option tt Color Option XG-EL-015 XG-EL-016 Color Option Color Option y XG-EL-017 XG-EL-018 e e Color Option it Color Option,VERIFIED_FROM_CATALOGUE
XG-EL-016,Electronics,,,,,Gray,,27,XG-EL-016,bottom-center,y y/ & { \ XG-EL-013 7 XG-EL-014 Color Option tt Color Option XG-EL-015 XG-EL-016 Color Option Color Option y XG-EL-017 XG-EL-018 e e Color Option it Color Option,VERIFIED_FROM_CATALOGUE
XG-EL-017,Electronics,,,,,,,27,XG-EL-017,bottom-left,y y/ & { \ XG-EL-013 7 XG-EL-014 Color Option tt Color Option XG-EL-015 XG-EL-016 Color Option Color Option y XG-EL-017 XG-EL-018 e e Color Option it Color Option,NOT_AVAILABLE
XG-EL-018,Electronics,S23 High Quality FM Radio Wooden Wireless Speakers Home Desktop Outdoor Portable Bluetooth Speaker,S23 High Quality FM Radio Wooden Wireless Speakers Home Desktop Outdoor Portable Bluetooth Speaker,S23 High Quality FM Radio Wooden,,Brown,,27,XG-EL-018,bottom-right,y y/ & { \ XG-EL-013 7 XG-EL-014 Color Option tt Color Option XG-EL-015 XG-EL-016 Color Option Color Option y XG-EL-017 XG-EL-018 e e Color Option it Color Option,VERIFIED_FROM_CATALOGUE
XG-EL-019,Electronics,Bamboo led digital clock,Product code : XG-T17,Bamboo,,Bamboo,,28,XG-EL-019,middle-left,hie  f  |  f  \ XG-EL-019 XG-EL-020  @ y eco / Color Option dt Color Option XG-EL-021 XG-EL-022 eo0 e y Color Option Color Option tt XG-EL-023 XG-EL-024 Color | Color white / grey i ee Color lack Gray Blue ee 4 <  ® 4 ee Color Option it Color Option,VERIFIED_FROM_CATALOGUE
XG-EL-020,Electronics,Digital bag Multi-function data line charger digital products organizer travel bag travel accessories charger cable power bank organizer bag pouch,"Product code : XG-T19
Description : 2023 hot Digital bag Multi-function data line charger digital products organizer travel bag travel accessories charger cable power bank organizer bag pouch",,,"Black;Gray;Blue",,28,XG-EL-020,middle-right,hie  f  |  f  \ XG-EL-019 XG-EL-020  @ y eco / Color Option dt Color Option XG-EL-021 XG-EL-022 eo0 e y Color Option Color Option tt XG-EL-023 XG-EL-024 Color | Color white / grey i ee Color lack Gray Blue ee 4 <  ® 4 ee Color Option it Color Option,VERIFIED_FROM_CATALOGUE
XG-EL-021,Electronics,,"Product code : XG-121
Feature : Elestic Band Safe, Velcro design",,,"Black;Dark Blue;Grey",,28,XG-EL-021,bottom-left,hie  f  |  f  \ XG-EL-019 XG-EL-020  @ y eco / Color Option dt Color Option XG-EL-021 XG-EL-022 eo0 e y Color Option Color Option tt XG-EL-023 XG-EL-024 Color | Color white / grey i ee Color lack Gray Blue ee 4 <  ® 4 ee Color Option it Color Option,VERIFIED_FROM_CATALOGUE
XG-EL-022,Electronics,,"Product code : XG-122
Feature : Waterproof Fabric, Nylon Zipper","Waterproof Fabric, Nylon Zipper",24CM x 17CM,"BLACK;dark blue;grey",,28,XG-EL-022,bottom-center,hie  f  |  f  \ XG-EL-019 XG-EL-020  @ y eco / Color Option dt Color Option XG-EL-021 XG-EL-022 eo0 e y Color Option Color Option tt XG-EL-023 XG-EL-024 Color | Color white / grey i ee Color lack Gray Blue ee 4 <  ® 4 ee Color Option it Color Option,VERIFIED_FROM_CATALOGUE
XG-EL-023,Electronics,,Product code : XG-T23,,,"Color white;grey",,28,XG-EL-023,bottom-left,hie  f  |  f  \ XG-EL-019 XG-EL-020  @ y eco / Color Option dt Color Option XG-EL-021 XG-EL-022 eo0 e y Color Option Color Option tt XG-EL-023 XG-EL-024 Color | Color white / grey i ee Color lack Gray Blue ee 4 <  ® 4 ee Color Option it Color Option,VERIFIED_FROM_CATALOGUE
XG-EL-024,Electronics,,Product code : XG-T24,,,"Black;Gray;Blue",,28,XG-EL-024,bottom-right,hie  f  |  f  \ XG-EL-019 XG-EL-020  @ y eco / Color Option dt Color Option XG-EL-021 XG-EL-022 eo0 e y Color Option Color Option tt XG-EL-023 XG-EL-024 Color | Color white / grey i ee Color lack Gray Blue ee 4 <  ® 4 ee Color Option it Color Option,VERIFIED_FROM_CATALOGUE
XG-EL-025,Electronics,Follow Light,"Product code : XG-T25
Discription : Follow Light",,,Black White,,29,XG-EL-025,middle-left,Zz y/ & ' \ \. — EN XG-EL-025 XG-EL-026 ° / eee Color Option di Color Option e e J ff Color Option Color Option uf XG-EL-029 XG-EL-030 ® ee Color Option lt Color Option,VERIFIED_FROM_CATALOGUE
XG-EL-026,Electronics,Travel Charger Multiple Plug Adapter,"Product code : XG-T26
Description: Travel Charger Multiple Plug Adapter
Packge. Color Box",,,,,29,XG-EL-026,middle-right,Zz y/ & ' \ \. — EN XG-EL-025 XG-EL-026 ° / eee Color Option di Color Option e e J ff Color Option Color Option uf XG-EL-029 XG-EL-030 ® ee Color Option lt Color Option,VERIFIED_FROM_CATALOGUE
XG-EL-027,Electronics,Multi Functional Compact cable card set,"Product code : XG-T27
Feature: Multi Functional Compact cable card set",,,Black,,29,XG-EL-027,bottom-left,,VERIFIED_FROM_CATALOGUE
XG-EL-028,Electronics,Sample rebates Portable Usb Coffee Maker Machine Capsules Press Small Coffee Maker For Outdoor,"Product code : XG-T28
Feature : Sample rebates Portable Usb Coffee Maker Machine Capsules Press Small Coffee Maker For Outdoor",,,"BLACK;dark blue;grey",,29,XG-EL-028,bottom-right,,VERIFIED_FROM_CATALOGUE
XG-EL-029,Electronics,Heating Flectric Mug,"Product code : XG-T29
Discription : Heating Flectric Mug",,,"Color white;Black",,29,XG-EL-029,bottom-left,Zz y/ & ' \ \. — EN XG-EL-025 XG-EL-026 ° / eee Color Option di Color Option e e J ff Color Option Color Option uf XG-EL-029 XG-EL-030 ® ee Color Option lt Color Option,VERIFIED_FROM_CATALOGUE
XG-EL-030,Electronics,Heating Electric Mug,"Product code : XG-T30
Discription : Heating Electric Mug",,,Black Gray Blue,,29,XG-EL-030,bottom-right,Zz y/ & ' \ \. — EN XG-EL-025 XG-EL-026 ° / eee Color Option di Color Option e e J ff Color Option Color Option uf XG-EL-029 XG-EL-030 ® ee Color Option lt Color Option,VERIFIED_FROM_CATALOGUE
XG-EL-031,Electronics,Bamboo led digital clock,,Bamboo,,Bamboo,,30,XG-EL-031,middle-left,V7? f | { 1 XG-EL-031 XG-EL-032 Material : Bamboo led digital clock < : : aay fil fo o| ] e == / eee out Color Option yr Color Option XG-EL-033 i XG-EL-034 v v eo” e y Color Option Color Option oi y XG-EL-035 a XG-EL-036 I i be G) ® UU _ eo : Color Option y Color Option,VERIFIED_FROM_CATALOGUE
XG-EL-032,Electronics,,,,,"Black;Gray;Blue",,30,XG-EL-032,middle-right,V7? f | { 1 XG-EL-031 XG-EL-032 Material : Bamboo led digital clock < : : aay fil fo o| ] e == / eee out Color Option yr Color Option XG-EL-033 i XG-EL-034 v v eo” e y Color Option Color Option oi y XG-EL-035 a XG-EL-036 I i be G) ® UU _ eo : Color Option y Color Option,VERIFIED_FROM_CATALOGUE
XG-EL-033,Electronics,,,,,"Black;Gray;Blue",,30,XG-EL-033,bottom-left,V7? f | { 1 XG-EL-031 XG-EL-032 Material : Bamboo led digital clock < : : aay fil fo o| ] e == / eee out Color Option yr Color Option XG-EL-033 i XG-EL-034 v v eo” e y Color Option Color Option oi y XG-EL-035 a XG-EL-036 I i be G) ® UU _ eo : Color Option y Color Option,VERIFIED_FROM_CATALOGUE
XG-EL-034,Electronics,,,,,"Black;Gray;Blue",,30,XG-EL-034,bottom-right,V7? f | { 1 XG-EL-031 XG-EL-032 Material : Bamboo led digital clock < : : aay fil fo o| ] e == / eee out Color Option yr Color Option XG-EL-033 i XG-EL-034 v v eo” e y Color Option Color Option oi y XG-EL-035 a XG-EL-036 I i be G) ® UU _ eo : Color Option y Color Option,VERIFIED_FROM_CATALOGUE
XG-EL-035,Electronics,,,,,"Color white;grey",,30,XG-EL-035,bottom-left,31 XG-EL-032 Material : Bamboo led digital clock < : : aay fil fo o| ] e == / eee out Color Option yr Color Option XG-EL-033 i XG-EL-034 v v eo” e y Color Option Color Option oi y XG-EL-035 a XG-EL-036 I i be G) ® UU _ eo : Color Option y Color Option,VERIFIED_FROM_CATALOGUE
XG-EL-036,Electronics,,,,,"Black;Gray;Blue",,30,XG-EL-036,bottom-right,Material : Bamboo led digital clock < : : aay fil fo o| ] e == / eee out Color Option yr Color Option XG-EL-033 i XG-EL-034 v v eo” e y Color Option Color Option oi y XG-EL-035 a XG-EL-036 I i be G) ® UU _ eo : Color Option y Color Option,VERIFIED_FROM_CATALOGUE
XG-EL-037,Electronics,,,Bamboo led,,Bamboo,,31,XG-EL-037,top-left,"SE : 4 & i \ XG-EL-037 XG-EL-038 _— ce, a) oo sccoaythe e y eee Color Option y Color Option XG-EL-039 XG-EL-040 eco ece 7 Color Option Color Option di XG-EL-041 XG-EL-042 enim OBO | am 19% fon, 10 94 00+ am i e ee Color Option y Color Option",VERIFIED_FROM_CATALOGUE
XG-EL-038,Electronics,,Universal 3 in 1 retractable charging cable Usb Charging Cable Flexible data Cable for phone/Type C/Android,,,"Black;Gray;Blue",,31,XG-EL-038,top-right,"SE : 4 & i \ XG-EL-037 XG-EL-038 _— ce, a) oo sccoaythe e y eee Color Option y Color Option XG-EL-039 XG-EL-040 eco ece 7 Color Option Color Option di XG-EL-041 XG-EL-042 enim OBO | am 19% fon, 10 94 00+ am i e ee Color Option y Color Option",VERIFIED_FROM_CATALOGUE
XG-EL-039,Electronics,,"100 Year Calender, Alarm with snooze",,,"Black;Dark Blue;Grey",,31,XG-EL-039,middle-left,"SE : 4 & i \ XG-EL-037 XG-EL-038 _— ce, a) oo sccoaythe e y eee Color Option y Color Option XG-EL-039 XG-EL-040 eco ece 7 Color Option Color Option di XG-EL-041 XG-EL-042 enim OBO | am 19% fon, 10 94 00+ am i e ee Color Option y Color Option",VERIFIED_FROM_CATALOGUE
XG-EL-040,Electronics,,"Mechanical Flip Clock, Retro Design Auto Desktop, Battery Powered Internal Gear Operated Vintage for Bedroom, Living Room, Night",,,"Black;Dark Blue;Grey",,31,XG-EL-040,middle-right,"SE : 4 & i \ XG-EL-037 XG-EL-038 _— ce, a) oo sccoaythe e y eee Color Option y Color Option XG-EL-039 XG-EL-040 eco ece 7 Color Option Color Option di XG-EL-041 XG-EL-042 enim OBO | am 19% fon, 10 94 00+ am i e ee Color Option y Color Option",VERIFIED_FROM_CATALOGUE
XG-EL-041,Electronics,,,,,"White;Grey",,31,XG-EL-041,bottom-left,"SE : 4 & i \ XG-EL-037 XG-EL-038 _— ce, a) oo sccoaythe e y eee Color Option y Color Option XG-EL-039 XG-EL-040 eco ece 7 Color Option Color Option di XG-EL-041 XG-EL-042 enim OBO | am 19% fon, 10 94 00+ am i e ee Color Option y Color Option",VERIFIED_FROM_CATALOGUE
XG-EL-042,Electronics,,,,,"Black;Gray;Blue",,31,XG-EL-042,bottom-right,"SE : 4 & i \ XG-EL-037 XG-EL-038 _— ce, a) oo sccoaythe e y eee Color Option y Color Option XG-EL-039 XG-EL-040 eco ece 7 Color Option Color Option di XG-EL-041 XG-EL-042 enim OBO | am 19% fon, 10 94 00+ am i e ee Color Option y Color Option",VERIFIED_FROM_CATALOGUE
XG-EL-043,Electronics,,,Mobile stand PVC,,Black,,32,XG-EL-043,bottom-left,\MUDHRA’ ELECTRONICS XG-EL-043 XG-EL-044 Color Option Color Option,VERIFIED_FROM_CATALOGUE
XG-EL-044,Electronics,,,Mobile stand PVC,,Black,,32,XG-EL-044,bottom-right,\MUDHRA’ ELECTRONICS XG-EL-043 XG-EL-044 Color Option Color Option,VERIFIED_FROM_CATALOGUE
XG-GS-037,Gift Sets,2 in 1 Gift Set,Dairy 200 pages + Metal Pen,,200 pages,,,56,XG-GS-037,middle-right,"XG - GS- 034 XG - GS- 035 Zinicinset aintoit set etal Pen Metal Pen e ee { @ ee Color Option tt Color Option XG - GS- 036 XG-GS-037 Metal Pen Metal Pen @ ee eee y Color Option Color Option _ XG - GS- 038 XG - GS- 039 Din Gift Set 2in Gift set Dairy 200 pages Dairy 200 pages etl Pen Metol pen e e , e ee Color Option _ Color Option",VERIFIED_FROM_CATALOGUE
XG-GS-059,Gift Sets,2 in 1 Gift Set,"Dairy 200 pages,Metal Pen",,200 pages,,,61,XG-GS-059,bottom-right,"55 aint ain set ainroitset Metal Pe etalon eee 4 @ 66 Color Option _ Color Option XG - GS- 056 XG - GS- 057 aintoinset inion set © e ece y Color Option Color Option y XG - GS- 058 XG-GS-059 dintcinset dinvoin set Dairy 200 pages { Dairy 200 pages |  1  e e , e ee Color Option tt Color Option",VERIFIED_FROM_CATALOGUE
XG-GS-061,Gift Sets,2 in 1 Gift Set,"2 in 1 Gift Set,Dairy 200 pages,Metal Pen",,200 pages,,,62,XG-GS-061,top-right,,VERIFIED_FROM_CATALOGUE
XG-GS-062,Gift Sets,2 in 1 Gift Set,"2 in 1 Gift Set,Dairy 200 pages,Metal Pen",,200 pages,,,62,XG-GS-062,middle-left,"V/ _ | XG - GS: 060 XG°GS-061 2in} oi sot =H 2in eit set fi ee ~ An evee, = Color Option A Color Option XG-GS-062 XG - GS: 063 eee eee y Color Option Color Option yr XG - GS- 064 XG-GS-065 e e@ y e@ ee Color Option _-“~ Color Option",VERIFIED_FROM_CATALOGUE
XG-GS-065,Gift Sets,2 in 1 Gift Set,"2 in 1 Gift Set,Dairy 200 pages,Metal Pen",,200 pages,,,62,XG-GS-065,bottom-right,"V/ _ | XG - GS: 060 XG°GS-061 2in} oi sot =H 2in eit set fi ee ~ An evee, = Color Option A Color Option XG-GS-062 XG - GS: 063 eee eee y Color Option Color Option yr XG - GS- 064 XG-GS-065 e e@ y e@ ee Color Option _-“~ Color Option",VERIFIED_FROM_CATALOGUE
XG-GS-133,Gift Sets,3 in 1 Gift Set,2 Mugs + Bottle,,,,,74,XG-GS-133,bottom-right,KEE ——  f XG - GS- 128 XG- GS- 129 Color Option _ Color Option XG - GS- 130 XG - GS- 131 e fs eoe Gy y Color Option Color Option dl f XG - GS- 132 XG-GS-133 Color Option. i Color Option,VERIFIED_FROM_CATALOGUE
XG-GS-134,Gift Sets,4 in 1 Gift set,Metal pen + Dairy + Metal keychain + Metal visiting card,,,,,75,XG-GS-134,middle-left,"lla  XG-GS-134 XG-GS-135  a J ° \ — | e ; e > = Color Option _ Color Option  XG-GS-136 XG-GS-137 e e@ cece A Color Option Color Option af XG-GS-138 XG-GS-139 Cen.) @) e ee (o Color Option dt Color Option",VERIFIED_FROM_CATALOGUE
XG-GS-135,Gift Sets,4 in 1 Gift set,Metal pen + Dairy + Metal keychain + Metal visiting card,,,,,75,XG-GS-135,middle-right,"lla  XG-GS-134 XG-GS-135  a J ° \ — | e ; e > = Color Option _ Color Option  XG-GS-136 XG-GS-137 e e@ cece A Color Option Color Option af XG-GS-138 XG-GS-139 Cen.) @) e ee (o Color Option dt Color Option",VERIFIED_FROM_CATALOGUE
XG-GS-136,Gift Sets,4 in 1 Gift set,Metal pen + Dairy + Metal keychain + Metal visiting card,,,,,75,XG-GS-136,middle-left,"lla  XG-GS-134 XG-GS-135  a J ° \ — | e ; e > = Color Option _ Color Option  XG-GS-136 XG-GS-137 e e@ cece A Color Option Color Option af XG-GS-138 XG-GS-139 Cen.) @) e ee (o Color Option dt Color Option",VERIFIED_FROM_CATALOGUE
XG-GS-137,Gift Sets,4 in 1 Gift set,Metal pen + Dairy + Metal keychain + Metal visiting card,,,,,75,XG-GS-137,middle-right,"lla  XG-GS-134 XG-GS-135  a J ° \ — | e ; e > = Color Option _ Color Option  XG-GS-136 XG-GS-137 e e@ cece A Color Option Color Option af XG-GS-138 XG-GS-139 Cen.) @) e ee (o Color Option dt Color Option",VERIFIED_FROM_CATALOGUE
XG-GS-138,Gift Sets,4 in 1 Gift set,Metal pen + Dairy + Metal keychain + Metal visiting card,,,,,75,XG-GS-138,bottom-left,"lla  XG-GS-134 XG-GS-135  a J ° \ — | e ; e > = Color Option _ Color Option  XG-GS-136 XG-GS-137 e e@ cece A Color Option Color Option af XG-GS-138 XG-GS-139 Cen.) @) e ee (o Color Option dt Color Option",VERIFIED_FROM_CATALOGUE
XG-GS-139,Gift Sets,4 in 1 Gift set,Metal pen + Dairy + Metal keychain + Metal visiting card,,,,,75,XG-GS-139,bottom-right,"lla  XG-GS-134 XG-GS-135  a J ° \ — | e ; e > = Color Option _ Color Option  XG-GS-136 XG-GS-137 e e@ cece A Color Option Color Option af XG-GS-138 XG-GS-139 Cen.) @) e ee (o Color Option dt Color Option",VERIFIED_FROM_CATALOGUE
XG-GS-140,Gift Sets,4 in 1 Gift set,Metal pen + Dairy + Metal keychain + Metal visiting card,,,,,76,XG-GS-140,middle-left,yy —-™  f XG-GS-140 XG-GS-141 Color Option _ Color Option XG-GS-142 P XG-GS-143 e e eoe y Color Option Color Option _ f XG-GS-144 XG-GS-145 Color Option. A Color Option,VERIFIED_FROM_CATALOGUE
XG-GS-141,Gift Sets,4 in 1 Gift set,Metal pen + Dairy + Metal keychain + Metal visiting card,,,,,76,XG-GS-141,middle-right,yy —-™  f XG-GS-140 XG-GS-141 Color Option _ Color Option XG-GS-142 P XG-GS-143 e e eoe y Color Option Color Option _ f XG-GS-144 XG-GS-145 Color Option. A Color Option,VERIFIED_FROM_CATALOGUE
XG-GS-142,Gift Sets,4 in 1 Gift set,Metal pen + Dairy + Metal keychain + Metal visiting card,,,,,76,XG-GS-142,bottom-left,yy —-™  f XG-GS-140 XG-GS-141 Color Option _ Color Option XG-GS-142 P XG-GS-143 e e eoe y Color Option Color Option _ f XG-GS-144 XG-GS-145 Color Option. A Color Option,VERIFIED_FROM_CATALOGUE
XG-GS-143,Gift Sets,4 in 1 Gift set,Metal pen + Dairy + Metal keychain + Metal visiting card,,,,,76,XG-GS-143,bottom-right,yy —-™  f XG-GS-140 XG-GS-141 Color Option _ Color Option XG-GS-142 P XG-GS-143 e e eoe y Color Option Color Option _ f XG-GS-144 XG-GS-145 Color Option. A Color Option,VERIFIED_FROM_CATALOGUE
XG-GS-144,Gift Sets,4 in 1 Gift set,Metal pen + Dairy + Metal keychain + Metal visiting card,,,,,76,XG-GS-144,bottom-left,yy —-™  f XG-GS-140 XG-GS-141 Color Option _ Color Option XG-GS-142 P XG-GS-143 e e eoe y Color Option Color Option _ f XG-GS-144 XG-GS-145 Color Option. A Color Option,VERIFIED_FROM_CATALOGUE
XG-GS-145,Gift Sets,4 in 1 Gift set,Metal pen + Dairy + Metal keychain + Metal visiting card,,,,,76,XG-GS-145,bottom-right,yy —-™  f XG-GS-140 XG-GS-141 Color Option _ Color Option XG-GS-142 P XG-GS-143 e e eoe y Color Option Color Option _ f XG-GS-144 XG-GS-145 Color Option. A Color Option,VERIFIED_FROM_CATALOGUE
XG-GS-146,Gift Sets,4 in 1 Gift Set,Metal pen + Dairy + Metal keychain + Metal visiting card,,,,,77,XG-GS-146,middle-left,"ll —_~ XG-GS-146 ; XG-GS-147 e @ / @ e Color Option _“ Color Option XG-GS-148 XG-GS-149 e 0c ec3e A Color Option Color Option _ XG-GS-150 XG-GS-151 e ee ‘ { eee Color Option _ Color Option",VERIFIED_FROM_CATALOGUE
XG-GS-147,Gift Sets,4 in 1 Gift Set,Metal pen + Dairy + Metal keychain + Metal visiting card,,,,,77,XG-GS-147,middle-right,"ll —_~ XG-GS-146 ; XG-GS-147 e @ / @ e Color Option _“ Color Option XG-GS-148 XG-GS-149 e 0c ec3e A Color Option Color Option _ XG-GS-150 XG-GS-151 e ee ‘ { eee Color Option _ Color Option",VERIFIED_FROM_CATALOGUE
XG-GS-148,Gift Sets,4 in 1 Gift Set,Metal pen + Dairy + Metal keychain + Metal visiting card,,,,,77,XG-GS-148,bottom-left,"ll —_~ XG-GS-146 ; XG-GS-147 e @ / @ e Color Option _“ Color Option XG-GS-148 XG-GS-149 e 0c ec3e A Color Option Color Option _ XG-GS-150 XG-GS-151 e ee ‘ { eee Color Option _ Color Option",VERIFIED_FROM_CATALOGUE
XG-GS-149,Gift Sets,4 in 1 Gift Set,Metal pen + Dairy + Metal keychain + Metal visiting card,,,,,77,XG-GS-149,bottom-center,"ll —_~ XG-GS-146 ; XG-GS-147 e @ / @ e Color Option _“ Color Option XG-GS-148 XG-GS-149 e 0c ec3e A Color Option Color Option _ XG-GS-150 XG-GS-151 e ee ‘ { eee Color Option _ Color Option",VERIFIED_FROM_CATALOGUE
XG-GS-150,Gift Sets,4 in 1 Gift Set,Metal pen + Dairy + Metal keychain + Metal visiting card,,,,,77,XG-GS-150,bottom-left,"ll —_~ XG-GS-146 ; XG-GS-147 e @ / @ e Color Option _“ Color Option XG-GS-148 XG-GS-149 e 0c ec3e A Color Option Color Option _ XG-GS-150 XG-GS-151 e ee ‘ { eee Color Option _ Color Option",VERIFIED_FROM_CATALOGUE
XG-GS-151,Gift Sets,4 in 1 Gift Set,Metal pen + Dairy + Metal keychain + Metal visiting card,,,,,77,XG-GS-151,bottom-right,"ll —_~ XG-GS-146 ; XG-GS-147 e @ / @ e Color Option _“ Color Option XG-GS-148 XG-GS-149 e 0c ec3e A Color Option Color Option _ XG-GS-150 XG-GS-151 e ee ‘ { eee Color Option _ Color Option",VERIFIED_FROM_CATALOGUE
XG-GS-152,Gift Sets,4 in 1 Gift set,Metal pen + Dairy + Metal keychain + Metal visiting card,,,,,78,XG-GS-152,middle-left,ys XG-GS-152 XG-GS-153 e e A @ e Color Option ft Color Option XG-GS-154 | XG-GS-155 | e e ooe y Color Option Color Option _ f XG-GS-156 XG-GS-157 . e e 4 © ee Color Option. i Color Option,VERIFIED_FROM_CATALOGUE
XG-GS-153,Gift Sets,4 in 1 Gift set,Metal pen + Dairy + Metal keychain + Metal visiting card,,,,,78,XG-GS-153,middle-right,ys XG-GS-152 XG-GS-153 e e A @ e Color Option ft Color Option XG-GS-154 | XG-GS-155 | e e ooe y Color Option Color Option _ f XG-GS-156 XG-GS-157 . e e 4 © ee Color Option. i Color Option,VERIFIED_FROM_CATALOGUE
XG-GS-154,Gift Sets,4 in 1 Gift set,Metal pen + Dairy + Metal keychain + Metal visiting card,,,,,78,XG-GS-154,middle-left,ys XG-GS-152 XG-GS-153 e e A @ e Color Option ft Color Option XG-GS-154 | XG-GS-155 | e e ooe y Color Option Color Option _ f XG-GS-156 XG-GS-157 . e e 4 © ee Color Option. i Color Option,VERIFIED_FROM_CATALOGUE
XG-GS-155,Gift Sets,4 in 1 Gift set,Metal pen + Dairy + Metal keychain + Metal visiting card,,,,,78,XG-GS-155,middle-right,ys XG-GS-152 XG-GS-153 e e A @ e Color Option ft Color Option XG-GS-154 | XG-GS-155 | e e ooe y Color Option Color Option _ f XG-GS-156 XG-GS-157 . e e 4 © ee Color Option. i Color Option,VERIFIED_FROM_CATALOGUE
XG-GS-156,Gift Sets,4 in 1 Gift set,Metal pen + Dairy + Metal keychain + Metal visiting card,,,,,78,XG-GS-156,bottom-left,ys XG-GS-152 XG-GS-153 e e A @ e Color Option ft Color Option XG-GS-154 | XG-GS-155 | e e ooe y Color Option Color Option _ f XG-GS-156 XG-GS-157 . e e 4 © ee Color Option. i Color Option,VERIFIED_FROM_CATALOGUE
XG-GS-157,Gift Sets,4 in 1 Gift set,Metal pen + Dairy + Metal keychain + Metal visiting card,,,,,78,XG-GS-157,bottom-right,ys XG-GS-152 XG-GS-153 e e A @ e Color Option ft Color Option XG-GS-154 | XG-GS-155 | e e ooe y Color Option Color Option _ f XG-GS-156 XG-GS-157 . e e 4 © ee Color Option. i Color Option,VERIFIED_FROM_CATALOGUE
XG-GS-158,Gift Sets,4 in 1 Gift set,"Metal pen, Dairy, Metal keychain, Metal visiting card",,,,,79,XG-GS-158,middle-left,"lla XG-GS-158 XG-GS-159 ee { @  @@e Color Option _“ Color Option XG-GS-160 XG-GS-161 e e@ oce A Color Option Color Option da XG-GS-162 XG-GS-163 Cen.) , { e@92e ; } Color Option. it Color Option",VERIFIED_FROM_CATALOGUE
XG-GS-159,Gift Sets,4 in 1 Gift set,"Metal pen, Dairy, Metal keychain, Metal visiting card",,,,,79,XG-GS-159,middle-right,"lla XG-GS-158 XG-GS-159 ee { @  @@e Color Option _“ Color Option XG-GS-160 XG-GS-161 e e@ oce A Color Option Color Option da XG-GS-162 XG-GS-163 Cen.) , { e@92e ; } Color Option. it Color Option",VERIFIED_FROM_CATALOGUE
XG-GS-160,Gift Sets,4 in 1 Gift set,"Metal pen, Dairy, Metal keychain, Metal visiting card",,,,,79,XG-GS-160,middle-left,"lla XG-GS-158 XG-GS-159 ee { @  @@e Color Option _“ Color Option XG-GS-160 XG-GS-161 e e@ oce A Color Option Color Option da XG-GS-162 XG-GS-163 Cen.) , { e@92e ; } Color Option. it Color Option",VERIFIED_FROM_CATALOGUE
XG-GS-161,Gift Sets,4 in 1 Gift set,"Metal pen, Dairy, Metal keychain, Metal visiting card",,,,,79,XG-GS-161,middle-right,"lla XG-GS-158 XG-GS-159 ee { @  @@e Color Option _“ Color Option XG-GS-160 XG-GS-161 e e@ oce A Color Option Color Option da XG-GS-162 XG-GS-163 Cen.) , { e@92e ; } Color Option. it Color Option",VERIFIED_FROM_CATALOGUE
XG-GS-162,Gift Sets,4 in 1 Gift set,"Metal pen, Dairy, Metal keychain, Metal visiting card",,,,,79,XG-GS-162,bottom-left,"lla XG-GS-158 XG-GS-159 ee { @  @@e Color Option _“ Color Option XG-GS-160 XG-GS-161 e e@ oce A Color Option Color Option da XG-GS-162 XG-GS-163 Cen.) , { e@92e ; } Color Option. it Color Option",VERIFIED_FROM_CATALOGUE
XG-GS-163,Gift Sets,4 in 1 Gift set,"Metal pen, Dairy, Metal keychain, Metal visiting card",,,,,79,XG-GS-163,bottom-right,"lla XG-GS-158 XG-GS-159 ee { @  @@e Color Option _“ Color Option XG-GS-160 XG-GS-161 e e@ oce A Color Option Color Option da XG-GS-162 XG-GS-163 Cen.) , { e@92e ; } Color Option. it Color Option",VERIFIED_FROM_CATALOGUE
XG-ID-001,ID Card Holders,,,,,,,42,XG-ID-001,middle-left,"yi { I D) | \ XG-ID-001 XG-ID-002 ;  : is etd eve Z eco * <I Color Option _d Color Option XG-ID-003 XG-ID-004  Fa, CES e e y Color Option Color Option di XG-ID-005 XG-ID-006  Gan ee — = a= a eee / eee (Golor Onion. y ‘Goler Ontos",NOT_AVAILABLE
XG-ID-003,ID Card Holders,,,,,,,42,XG-ID-003,middle-left,"yi { I D) | \ XG-ID-001 XG-ID-002 ;  : is etd eve Z eco * <I Color Option _d Color Option XG-ID-003 XG-ID-004  Fa, CES e e y Color Option Color Option di XG-ID-005 XG-ID-006  Gan ee — = a= a eee / eee (Golor Onion. y ‘Goler Ontos",NOT_AVAILABLE
XG-ID-004,ID Card Holders,,,,,,,42,XG-ID-004,middle-right,"yi { I D) | \ XG-ID-001 XG-ID-002 ;  : is etd eve Z eco * <I Color Option _d Color Option XG-ID-003 XG-ID-004  Fa, CES e e y Color Option Color Option di XG-ID-005 XG-ID-006  Gan ee — = a= a eee / eee (Golor Onion. y ‘Goler Ontos",NOT_AVAILABLE
XG-ID-005,ID Card Holders,,,,,,,42,XG-ID-005,bottom-left,"yi { I D) | \ XG-ID-001 XG-ID-002 ;  : is etd eve Z eco * <I Color Option _d Color Option XG-ID-003 XG-ID-004  Fa, CES e e y Color Option Color Option di XG-ID-005 XG-ID-006  Gan ee — = a= a eee / eee (Golor Onion. y ‘Goler Ontos",NOT_AVAILABLE
XG-ID-006,ID Card Holders,,,,,,,42,XG-ID-006,bottom-right,"yi { I D) | \ XG-ID-001 XG-ID-002 ;  : is etd eve Z eco * <I Color Option _d Color Option XG-ID-003 XG-ID-004  Fa, CES e e y Color Option Color Option di XG-ID-005 XG-ID-006  Gan ee — = a= a eee / eee (Golor Onion. y ‘Goler Ontos",NOT_AVAILABLE
XG-ID-007,ID Card Holders,,,,,,,43,XG-ID-007,middle-left,"ee y y | \ XG-ID-007 XG-ID-008 XL ec} Pw |) eve : Z ene Color Option _d Color Option XG-ID-009 XG-ID-010 € ) ©) e e y Color Option Color Option dl XG-ID-011 XG-ID-012 i ee e ee / e@ ee (Golor Onion, y ‘Goler Ogtion",NOT_AVAILABLE
XG-ID-008,ID Card Holders,,,,,,,43,XG-ID-008,middle-right,"ee y y | \ XG-ID-007 XG-ID-008 XL ec} Pw |) eve : Z ene Color Option _d Color Option XG-ID-009 XG-ID-010 € ) ©) e e y Color Option Color Option dl XG-ID-011 XG-ID-012 i ee e ee / e@ ee (Golor Onion, y ‘Goler Ogtion",NOT_AVAILABLE
XG-ID-009,ID Card Holders,,,,,,,43,XG-ID-009,center-left,"ee y y | \ XG-ID-007 XG-ID-008 XL ec} Pw |) eve : Z ene Color Option _d Color Option XG-ID-009 XG-ID-010 € ) ©) e e y Color Option Color Option dl XG-ID-011 XG-ID-012 i ee e ee / e@ ee (Golor Onion, y ‘Goler Ogtion",NOT_AVAILABLE
XG-ID-010,ID Card Holders,,,,,,,43,XG-ID-010,center-right,"ee y y | \ XG-ID-007 XG-ID-008 XL ec} Pw |) eve : Z ene Color Option _d Color Option XG-ID-009 XG-ID-010 € ) ©) e e y Color Option Color Option dl XG-ID-011 XG-ID-012 i ee e ee / e@ ee (Golor Onion, y ‘Goler Ogtion",NOT_AVAILABLE
XG-ID-011,ID Card Holders,,,,,,,43,XG-ID-011,bottom-left,"ee y y | \ XG-ID-007 XG-ID-008 XL ec} Pw |) eve : Z ene Color Option _d Color Option XG-ID-009 XG-ID-010 € ) ©) e e y Color Option Color Option dl XG-ID-011 XG-ID-012 i ee e ee / e@ ee (Golor Onion, y ‘Goler Ogtion",NOT_AVAILABLE
XG-ID-012,ID Card Holders,,,,,,,43,XG-ID-012,bottom-right,"ee y y | \ XG-ID-007 XG-ID-008 XL ec} Pw |) eve : Z ene Color Option _d Color Option XG-ID-009 XG-ID-010 € ) ©) e e y Color Option Color Option dl XG-ID-011 XG-ID-012 i ee e ee / e@ ee (Golor Onion, y ‘Goler Ogtion",NOT_AVAILABLE
XG-ID-014,ID Card Holders,,,,,,,44,XG-ID-014,middle-right,"LEE y y f \ SG : - XG-ID-013 XG-ID-014 [Bex Pa = e ————! ev30e ey, ene Color Option wl Color Option XG-ID-015 XG-ID-016 CES) Comm | e e ull Un y Color Option Color Option ud XG-ID-017 XG-ID-018 — ae e / © ee = Color Option ‘ Color Option",NOT_AVAILABLE
XG-ID-015,ID Card Holders,,,,,,,44,XG-ID-015,middle-left,"LEE y y f \ SG : - XG-ID-013 XG-ID-014 [Bex Pa = e ————! ev30e ey, ene Color Option wl Color Option XG-ID-015 XG-ID-016 CES) Comm | e e ull Un y Color Option Color Option ud XG-ID-017 XG-ID-018 — ae e / © ee = Color Option ‘ Color Option",NOT_AVAILABLE
XG-ID-016,ID Card Holders,,,,,,,44,XG-ID-016,middle-right,"LEE y y f \ SG : - XG-ID-013 XG-ID-014 [Bex Pa = e ————! ev30e ey, ene Color Option wl Color Option XG-ID-015 XG-ID-016 CES) Comm | e e ull Un y Color Option Color Option ud XG-ID-017 XG-ID-018 — ae e / © ee = Color Option ‘ Color Option",NOT_AVAILABLE
XG-ID-017,ID Card Holders,,,,,,,44,XG-ID-017,bottom-left,"LEE y y f \ SG : - XG-ID-013 XG-ID-014 [Bex Pa = e ————! ev30e ey, ene Color Option wl Color Option XG-ID-015 XG-ID-016 CES) Comm | e e ull Un y Color Option Color Option ud XG-ID-017 XG-ID-018 — ae e / © ee = Color Option ‘ Color Option",NOT_AVAILABLE
XG-ID-018,ID Card Holders,,,,,,,44,XG-ID-018,bottom-right,"y y f \ SG : - XG-ID-013 XG-ID-014 [Bex Pa = e ————! ev30e ey, ene Color Option wl Color Option XG-ID-015 XG-ID-016 CES) Comm | e e ull Un y Color Option Color Option ud XG-ID-017 XG-ID-018 — ae e / © ee = Color Option ‘ Color Option",NOT_AVAILABLE
XG-ID-019,ID Card Holders,Acrylic Slide Card Holder,,Acrylic,,"White;Blue;Black",,45,XG-ID-019,top-left,"ee y y 1 SG : - XG-ID-019 XG-ID-020 Copocty os S ee lf ONE cum Ea] , eo == , eee Color Option di Color Option XG-ID-021 XG-ID-022 |2.}| © ee) G ee). i i mt = { LUE Le e e y Color Option Color Option ul XG-ID-023 ™ XG-ID-024 3 pace | |S = ‘wong | e @ | / @ ee Color Option ‘ Color Option",VERIFIED_FROM_CATALOGUE
XG-ID-020,ID Card Holders,,,,,"White;Blue;Black",,45,XG-ID-020,top-right,"ee y y 1 SG : - XG-ID-019 XG-ID-020 Copocty os S ee lf ONE cum Ea] , eo == , eee Color Option di Color Option XG-ID-021 XG-ID-022 |2.}| © ee) G ee). i i mt = { LUE Le e e y Color Option Color Option ul XG-ID-023 ™ XG-ID-024 3 pace | |S = ‘wong | e @ | / @ ee Color Option ‘ Color Option",VERIFIED_FROM_CATALOGUE
XG-ID-021,ID Card Holders,,,,,"White;Blue;Black",,45,XG-ID-021,middle-left,"ee y y 1 SG : - XG-ID-019 XG-ID-020 Copocty os S ee lf ONE cum Ea] , eo == , eee Color Option di Color Option XG-ID-021 XG-ID-022 |2.}| © ee) G ee). i i mt = { LUE Le e e y Color Option Color Option ul XG-ID-023 ™ XG-ID-024 3 pace | |S = ‘wong | e @ | / @ ee Color Option ‘ Color Option",VERIFIED_FROM_CATALOGUE
XG-ID-022,ID Card Holders,,,,,"White;Blue;Black",,45,XG-ID-022,middle-right,"ee y y 1 SG : - XG-ID-019 XG-ID-020 Copocty os S ee lf ONE cum Ea] , eo == , eee Color Option di Color Option XG-ID-021 XG-ID-022 |2.}| © ee) G ee). i i mt = { LUE Le e e y Color Option Color Option ul XG-ID-023 ™ XG-ID-024 3 pace | |S = ‘wong | e @ | / @ ee Color Option ‘ Color Option",VERIFIED_FROM_CATALOGUE
XG-ID-023,ID Card Holders,,,,,"White;Blue;Black",,45,XG-ID-023,bottom-left,"019 XG-ID-020 Copocty os S ee lf ONE cum Ea] , eo == , eee Color Option di Color Option XG-ID-021 XG-ID-022 |2.}| © ee) G ee). i i mt = { LUE Le e e y Color Option Color Option ul XG-ID-023 ™ XG-ID-024 3 pace | |S = ‘wong | e @ | / @ ee Color Option ‘ Color Option",VERIFIED_FROM_CATALOGUE
XG-ID-024,ID Card Holders,PS Slide Card Holder,,PS,,"White;Blue;Black",,45,XG-ID-024,bottom-right,"0 Copocty os S ee lf ONE cum Ea] , eo == , eee Color Option di Color Option XG-ID-021 XG-ID-022 |2.}| © ee) G ee). i i mt = { LUE Le e e y Color Option Color Option ul XG-ID-023 ™ XG-ID-024 3 pace | |S = ‘wong | e @ | / @ ee Color Option ‘ Color Option",VERIFIED_FROM_CATALOGUE
XG-ID-025,ID Card Holders,,,,,,,46,XG-ID-025,middle-left,"LEE == y | \ CARD ‘NS = XG-ID-025 XG-ID-026 mace — e0e — , ene ' Color Option al Color Option — XG-ID-027 XG-ID-028 EASA “ A3 (ls = . e e ‘ Color Option Color Option ud XG-ID-029 XG-ID-030 gs Or hae e@. ©0e : @ ee X Color Option ( Color Option",NOT_AVAILABLE
XG-ID-026,ID Card Holders,,,,,,,46,XG-ID-026,middle-right,"LEE == y | \ CARD ‘NS = XG-ID-025 XG-ID-026 mace — e0e — , ene ' Color Option al Color Option — XG-ID-027 XG-ID-028 EASA “ A3 (ls = . e e ‘ Color Option Color Option ud XG-ID-029 XG-ID-030 gs Or hae e@. ©0e : @ ee X Color Option ( Color Option",NOT_AVAILABLE
XG-ID-027,ID Card Holders,,,,,,,46,XG-ID-027,bottom-left,"LEE == y | \ CARD ‘NS = XG-ID-025 XG-ID-026 mace — e0e — , ene ' Color Option al Color Option — XG-ID-027 XG-ID-028 EASA “ A3 (ls = . e e ‘ Color Option Color Option ud XG-ID-029 XG-ID-030 gs Or hae e@. ©0e : @ ee X Color Option ( Color Option",NOT_AVAILABLE
XG-ID-028,ID Card Holders,,,,,,,46,XG-ID-028,bottom-right,"LEE == y | \ CARD ‘NS = XG-ID-025 XG-ID-026 mace — e0e — , ene ' Color Option al Color Option — XG-ID-027 XG-ID-028 EASA “ A3 (ls = . e e ‘ Color Option Color Option ud XG-ID-029 XG-ID-030 gs Or hae e@. ©0e : @ ee X Color Option ( Color Option",NOT_AVAILABLE
XG-ID-029,ID Card Holders,,,,,,,46,XG-ID-029,bottom-left,"LEE == y | \ CARD ‘NS = XG-ID-025 XG-ID-026 mace — e0e — , ene ' Color Option al Color Option — XG-ID-027 XG-ID-028 EASA “ A3 (ls = . e e ‘ Color Option Color Option ud XG-ID-029 XG-ID-030 gs Or hae e@. ©0e : @ ee X Color Option ( Color Option",NOT_AVAILABLE
XG-ID-030,ID Card Holders,,,,,,,46,XG-ID-030,bottom-right,"LEE == y | \ CARD ‘NS = XG-ID-025 XG-ID-026 mace — e0e — , ene ' Color Option al Color Option — XG-ID-027 XG-ID-028 EASA “ A3 (ls = . e e ‘ Color Option Color Option ud XG-ID-029 XG-ID-030 gs Or hae e@. ©0e : @ ee X Color Option ( Color Option",NOT_AVAILABLE
XG-ID-031,ID Card Holders,CARD CASE,,,,,,47,XG-ID-031,middle-left,yy f | D f \ XG-ID-031 XG-ID-032 SS —— ea | a eco | ) y eo d =J Color Option : dl Color Option XG-ID-033 XG-ID-034 e e y Color Option Color Option dA XG-ID-035 XG-ID-036 3 ee y YQ e @ / @ ee Color Option y Color Option,VERIFIED_FROM_CATALOGUE
XG-ID-032,ID Card Holders,CARD CASE,,,,,,47,XG-ID-032,middle-right,yy f | D f \ XG-ID-031 XG-ID-032 SS —— ea | a eco | ) y eo d =J Color Option : dl Color Option XG-ID-033 XG-ID-034 e e y Color Option Color Option dA XG-ID-035 XG-ID-036 3 ee y YQ e @ / @ ee Color Option y Color Option,VERIFIED_FROM_CATALOGUE
XG-ID-033,ID Card Holders,,,,,,,47,XG-ID-033,middle-left,yy f | D f \ XG-ID-031 XG-ID-032 SS —— ea | a eco | ) y eo d =J Color Option : dl Color Option XG-ID-033 XG-ID-034 e e y Color Option Color Option dA XG-ID-035 XG-ID-036 3 ee y YQ e @ / @ ee Color Option y Color Option,VERIFIED_FROM_CATALOGUE
XG-ID-034,ID Card Holders,,,,,,,47,XG-ID-034,middle-right,yy f | D f \ XG-ID-031 XG-ID-032 SS —— ea | a eco | ) y eo d =J Color Option : dl Color Option XG-ID-033 XG-ID-034 e e y Color Option Color Option dA XG-ID-035 XG-ID-036 3 ee y YQ e @ / @ ee Color Option y Color Option,VERIFIED_FROM_CATALOGUE
XG-ID-035,ID Card Holders,,,,,,,47,XG-ID-035,bottom-left,yy f | D f \ XG-ID-031 XG-ID-032 SS —— ea | a eco | ) y eo d =J Color Option : dl Color Option XG-ID-033 XG-ID-034 e e y Color Option Color Option dA XG-ID-035 XG-ID-036 3 ee y YQ e @ / @ ee Color Option y Color Option,VERIFIED_FROM_CATALOGUE
XG-ID-036,ID Card Holders,,,,,,,47,XG-ID-036,bottom-right,yy f | D f \ XG-ID-031 XG-ID-032 SS —— ea | a eco | ) y eo d =J Color Option : dl Color Option XG-ID-033 XG-ID-034 e e y Color Option Color Option dA XG-ID-035 XG-ID-036 3 ee y YQ e @ / @ ee Color Option y Color Option,VERIFIED_FROM_CATALOGUE
XG-ID-037,ID Card Holders,,,,,,,48,XG-ID-037,middle-left,ee y y | \ XG-ID-037 XG-ID-038 a ~~ _ pe a= Color Option ft Color Option XG-ID-039 XG-ID-040 e = = e y Color Option Color Option ud XG-ID-041 XG-ID-042 ° e ° es gee @ pB & « 8 } 6 @ \ g +. 2 % e000 L566 e @ / @ ee Color Option y Color Option,NOT_AVAILABLE
XG-ID-038,ID Card Holders,,,,,,,48,XG-ID-038,middle-right,ee y y | \ XG-ID-037 XG-ID-038 a ~~ _ pe a= Color Option ft Color Option XG-ID-039 XG-ID-040 e = = e y Color Option Color Option ud XG-ID-041 XG-ID-042 ° e ° es gee @ pB & « 8 } 6 @ \ g +. 2 % e000 L566 e @ / @ ee Color Option y Color Option,NOT_AVAILABLE
XG-ID-039,ID Card Holders,,,,,,,48,XG-ID-039,middle-left,ee y y | \ XG-ID-037 XG-ID-038 a ~~ _ pe a= Color Option ft Color Option XG-ID-039 XG-ID-040 e = = e y Color Option Color Option ud XG-ID-041 XG-ID-042 ° e ° es gee @ pB & « 8 } 6 @ \ g +. 2 % e000 L566 e @ / @ ee Color Option y Color Option,NOT_AVAILABLE
XG-ID-040,ID Card Holders,,,,,,,48,XG-ID-040,middle-right,ee y y | \ XG-ID-037 XG-ID-038 a ~~ _ pe a= Color Option ft Color Option XG-ID-039 XG-ID-040 e = = e y Color Option Color Option ud XG-ID-041 XG-ID-042 ° e ° es gee @ pB & « 8 } 6 @ \ g +. 2 % e000 L566 e @ / @ ee Color Option y Color Option,NOT_AVAILABLE
XG-ID-041,ID Card Holders,,,,,,,48,XG-ID-041,bottom-left,ee y y | \ XG-ID-037 XG-ID-038 a ~~ _ pe a= Color Option ft Color Option XG-ID-039 XG-ID-040 e = = e y Color Option Color Option ud XG-ID-041 XG-ID-042 ° e ° es gee @ pB & « 8 } 6 @ \ g +. 2 % e000 L566 e @ / @ ee Color Option y Color Option,NOT_AVAILABLE
XG-ID-042,ID Card Holders,,,,,,,48,XG-ID-042,bottom-right,ee y y | \ XG-ID-037 XG-ID-038 a ~~ _ pe a= Color Option ft Color Option XG-ID-039 XG-ID-040 e = = e y Color Option Color Option ud XG-ID-041 XG-ID-042 ° e ° es gee @ pB & « 8 } 6 @ \ g +. 2 % e000 L566 e @ / @ ee Color Option y Color Option,NOT_AVAILABLE
XG-ID-043,ID Card Holders,,,,,,,49,XG-ID-043,middle-left,ee y y | \ XG-ID-043 XG-ID-044 a © eco ‘ ~ £ | ese @ @ / Color Option _d Color Option XG-ID-045 XG-ID-046 e —— e y Color Option Color Option dj XG-ID-047 XG-ID-048 BG e 8 o @. e ee 'S / e ee Color Option y Color Option,NOT_AVAILABLE
XG-ID-044,ID Card Holders,,,,,,,49,XG-ID-044,middle-right,ee y y | \ XG-ID-043 XG-ID-044 a © eco ‘ ~ £ | ese @ @ / Color Option _d Color Option XG-ID-045 XG-ID-046 e —— e y Color Option Color Option dj XG-ID-047 XG-ID-048 BG e 8 o @. e ee 'S / e ee Color Option y Color Option,NOT_AVAILABLE
XG-ID-045,ID Card Holders,,,,,,,49,XG-ID-045,middle-left,ee y y | \ XG-ID-043 XG-ID-044 a © eco ‘ ~ £ | ese @ @ / Color Option _d Color Option XG-ID-045 XG-ID-046 e —— e y Color Option Color Option dj XG-ID-047 XG-ID-048 BG e 8 o @. e ee 'S / e ee Color Option y Color Option,NOT_AVAILABLE
XG-ID-046,ID Card Holders,,,,,,,49,XG-ID-046,middle-right,ee y y | \ XG-ID-043 XG-ID-044 a © eco ‘ ~ £ | ese @ @ / Color Option _d Color Option XG-ID-045 XG-ID-046 e —— e y Color Option Color Option dj XG-ID-047 XG-ID-048 BG e 8 o @. e ee 'S / e ee Color Option y Color Option,NOT_AVAILABLE
XG-ID-047,ID Card Holders,,,,,,,49,XG-ID-047,bottom-left,ee y y | \ XG-ID-043 XG-ID-044 a © eco ‘ ~ £ | ese @ @ / Color Option _d Color Option XG-ID-045 XG-ID-046 e —— e y Color Option Color Option dj XG-ID-047 XG-ID-048 BG e 8 o @. e ee 'S / e ee Color Option y Color Option,NOT_AVAILABLE
XG-ID-048,ID Card Holders,,,,,,,49,XG-ID-048,bottom-right,ee y y | \ XG-ID-043 XG-ID-044 a © eco ‘ ~ £ | ese @ @ / Color Option _d Color Option XG-ID-045 XG-ID-046 e —— e y Color Option Color Option dj XG-ID-047 XG-ID-048 BG e 8 o @. e ee 'S / e ee Color Option y Color Option,NOT_AVAILABLE
XG-MG-001,Mugs,,,stainless steel tumbler mug with slider top handle,350 ml,"WHITE;blue;Red",,17,XG-MG-001,middle-left,EE y yo i \ XG-MG-001 XG-MG-002 @ @o Color Option a Color Option XG-MG-003 XG-MG-004 eo 7 7 Color Option Color Option a XG-MG-005 XG-MG-006 Product code : XG-MO5: Product code : XG-M06 = e y Vin Color Option yr Color Option,VERIFIED_FROM_CATALOGUE
XG-MG-002,Mugs,,,STAINLESS STEEL TUMBLER MUG ECO FRIENDLY coffee cup with handle,350 ml,"Black;blue;Red",,17,XG-MG-002,middle-right,EE y yo i \ XG-MG-001 XG-MG-002 @ @o Color Option a Color Option XG-MG-003 XG-MG-004 eo 7 7 Color Option Color Option a XG-MG-005 XG-MG-006 Product code : XG-MO5: Product code : XG-M06 = e y Vin Color Option yr Color Option,VERIFIED_FROM_CATALOGUE
XG-MG-003,Mugs,,,304 double layer insulated travel vacuum mug,500 ml,"MATT BLACK;BLUE;white",,17,XG-MG-003,middle-left,EE y yo i \ XG-MG-001 XG-MG-002 @ @o Color Option a Color Option XG-MG-003 XG-MG-004 eo 7 7 Color Option Color Option a XG-MG-005 XG-MG-006 Product code : XG-MO5: Product code : XG-M06 = e y Vin Color Option yr Color Option,VERIFIED_FROM_CATALOGUE
XG-MG-004,Mugs,,,New Eco friendly Stainless Steel Bamboo travel mug with handle & proof lid,350 ml,BAMBOO MUG,,17,XG-MG-004,middle-right,EE y yo i \ XG-MG-001 XG-MG-002 @ @o Color Option a Color Option XG-MG-003 XG-MG-004 eo 7 7 Color Option Color Option a XG-MG-005 XG-MG-006 Product code : XG-MO5: Product code : XG-M06 = e y Vin Color Option yr Color Option,VERIFIED_FROM_CATALOGUE
XG-MG-005,Mugs,,,stainless steel mug with handle & slide lid,350 ml,"Black;white;Silver",,17,XG-MG-005,bottom-left,EE y yo i \ XG-MG-001 XG-MG-002 @ @o Color Option a Color Option XG-MG-003 XG-MG-004 eo 7 7 Color Option Color Option a XG-MG-005 XG-MG-006 Product code : XG-MO5: Product code : XG-M06 = e y Vin Color Option yr Color Option,VERIFIED_FROM_CATALOGUE
XG-MG-006,Mugs,,,Eco-friendly stainless steel vacuum Bamboo mug tumbler with handle,450 ml,BAMBOO,,17,XG-MG-006,bottom-right,EE y yo i \ XG-MG-001 XG-MG-002 @ @o Color Option a Color Option XG-MG-003 XG-MG-004 eo 7 7 Color Option Color Option a XG-MG-005 XG-MG-006 Product code : XG-MO5: Product code : XG-M06 = e y Vin Color Option yr Color Option,VERIFIED_FROM_CATALOGUE
XG-MG-007,Mugs,Thermo Tumbler,Product code : XG-M07,Stainless steel Bamboo mug with flip cover lid,450 ml,BAMBOO,,18,XG-MG-007,middle-left,yy  i  { XG-MG-007 XG-MG-008 Color Option ail Color Option XG-MG-009 XG-MG-010 ee @ y Color Option Color Option tt XG-MG-011 XG-MG-012 ee y ee Color Option y Color Option,VERIFIED_FROM_CATALOGUE
XG-MG-008,Mugs,,Product code : XG-M08,STAINLESS STEEL MUG OUTSIDE STEEL & inside steel,400 ml,MATT BLACK,,18,XG-MG-008,middle-right,yy  i  { XG-MG-007 XG-MG-008 Color Option ail Color Option XG-MG-009 XG-MG-010 ee @ y Color Option Color Option tt XG-MG-011 XG-MG-012 ee y ee Color Option y Color Option,VERIFIED_FROM_CATALOGUE
XG-MG-009,Mugs,,PRODUCT CODE: XG- M09,steel,400 ml,"Blk;blue;white",,18,XG-MG-009,middle-left,yy  i  { XG-MG-007 XG-MG-008 Color Option ail Color Option XG-MG-009 XG-MG-010 ee @ y Color Option Color Option tt XG-MG-011 XG-MG-012 ee y ee Color Option y Color Option,VERIFIED_FROM_CATALOGUE
XG-MG-010,Mugs,,Product code : XG-M10,BPA FREE PLASTIC,350 ml,"Black;sky blue;red;yellow",,18,XG-MG-010,middle-right,yy  i  { XG-MG-007 XG-MG-008 Color Option ail Color Option XG-MG-009 XG-MG-010 ee @ y Color Option Color Option tt XG-MG-011 XG-MG-012 ee y ee Color Option y Color Option,VERIFIED_FROM_CATALOGUE
XG-MG-011,Mugs,Thermos coffee mug,Product code : XG-M11,304 steel with lock system,450 ml Appx,"BLACK;WHITE;Grey",,18,XG-MG-011,bottom-left,yy  i  { XG-MG-007 XG-MG-008 Color Option ail Color Option XG-MG-009 XG-MG-010 ee @ y Color Option Color Option tt XG-MG-011 XG-MG-012 ee y ee Color Option y Color Option,VERIFIED_FROM_CATALOGUE
XG-MG-012,Mugs,steel coffee mug,Product code : XG-M12,inside steel 304,400 ml Appx,"BLACK;Grey",,18,XG-MG-012,bottom-right,yy  i  { XG-MG-007 XG-MG-008 Color Option ail Color Option XG-MG-009 XG-MG-010 ee @ y Color Option Color Option tt XG-MG-011 XG-MG-012 ee y ee Color Option y Color Option,VERIFIED_FROM_CATALOGUE
XG-MG-014,Mugs,,Product code : XG-M14,Insulated coffee mug with 304 steel outside & inside anti slip mug,350 ml Appx,"BLACK;WHITE",,19,XG-MG-014,top-right,"- yy f f { \ XG-MG-013 XG-MG-014 : ece j e Color Option ail Color Option XG-MG-015 XG-MG-016 _ : = Color : MATT BLACK , Blue & white. ay SHIRE anal sn darkbhue , e e020 y Color Option Color Option tt XG-MG-017 XG-MG-018 —E—_— eo — ££ @@ = Color Option At Color Option",VERIFIED_FROM_CATALOGUE
XG-MG-015,Mugs,,Product code : XG-M15,304 stainless steel vacuum coffee mug,350 ml,"MATT BLACK;Blue;white",,19,XG-MG-015,middle-left,"- yy f f { \ XG-MG-013 XG-MG-014 : ece j e Color Option ail Color Option XG-MG-015 XG-MG-016 _ : = Color : MATT BLACK , Blue & white. ay SHIRE anal sn darkbhue , e e020 y Color Option Color Option tt XG-MG-017 XG-MG-018 —E—_— eo — ££ @@ = Color Option At Color Option",VERIFIED_FROM_CATALOGUE
XG-MG-016,Mugs,,Product code : XG-M16,304 double wall insulated vacuum mug with close lid,350 ml,"PURPLE;sea Green;darkblue;wine;white;black",,19,XG-MG-016,middle-right,"- yy f f { \ XG-MG-013 XG-MG-014 : ece j e Color Option ail Color Option XG-MG-015 XG-MG-016 _ : = Color : MATT BLACK , Blue & white. ay SHIRE anal sn darkbhue , e e020 y Color Option Color Option tt XG-MG-017 XG-MG-018 —E—_— eo — ££ @@ = Color Option At Color Option",VERIFIED_FROM_CATALOGUE
XG-MG-017,Mugs,,Product Code: XG-M17,304 vacuum hot & cold,350ml,"Blk;light blue;light green;orange",,19,XG-MG-017,bottom-left,"13 XG-MG-014 : ece j e Color Option ail Color Option XG-MG-015 XG-MG-016 _ : = Color : MATT BLACK , Blue & white. ay SHIRE anal sn darkbhue , e e020 y Color Option Color Option tt XG-MG-017 XG-MG-018 —E—_— eo — ££ @@ = Color Option At Color Option",VERIFIED_FROM_CATALOGUE
XG-MG-018,Mugs,,Product code : XG-M18,304 double wall insulated vacuum coffe cup with slider cap,320 ml,"BLACK;white;purple",,19,XG-MG-018,bottom-right,"14 : ece j e Color Option ail Color Option XG-MG-015 XG-MG-016 _ : = Color : MATT BLACK , Blue & white. ay SHIRE anal sn darkbhue , e e020 y Color Option Color Option tt XG-MG-017 XG-MG-018 —E—_— eo — ££ @@ = Color Option At Color Option",VERIFIED_FROM_CATALOGUE
XG-MG-019,Mugs,,Product code : XG-M19,304 double wall insulated vacuum coffe cup with temperature display,460 ml,"BLACK;BROWN;Green",,20,XG-MG-019,top-left,,VERIFIED_FROM_CATALOGUE
XG-MG-020,Mugs,,Product code : XG-M20,304 double wall insulated vacuum coffe cup with temperature display,400 ml,"Blue;brown",,20,XG-MG-020,top-right,,VERIFIED_FROM_CATALOGUE
XG-MG-021,Mugs,,Product code : XG-M21,STAINLESS STEEL COFFEE CUP WITH HANDLE & Lid,200 ml,steel,,20,XG-MG-021,middle-left,"fe  {  \ AGMG'0 9 GEM 029 A@, ee : e Color Option ail Color Option XG-MG-021 XG-MG-022  e y  Color Option Color Option tt XG-MG-023 XG-MG-024 e y e | Color Option A Color Option",VERIFIED_FROM_CATALOGUE
XG-MG-022,Mugs,,Product code : XG-M22,304 double wall insulated vacuum coffee Cup with handle,400 ml,white & BLACK,,20,XG-MG-022,middle-right,"fe  {  \ AGMG'0 9 GEM 029 A@, ee : e Color Option ail Color Option XG-MG-021 XG-MG-022  e y  Color Option Color Option tt XG-MG-023 XG-MG-024 e y e | Color Option A Color Option",VERIFIED_FROM_CATALOGUE
XG-MG-023,Mugs,,Product code : XG-M23,304 double wall insulated vacuum coffe cup with cork base & slider cap,450 apx,matt black,,20,XG-MG-023,bottom-left,"fe  {  \ AGMG'0 9 GEM 029 A@, ee : e Color Option ail Color Option XG-MG-021 XG-MG-022  e y  Color Option Color Option tt XG-MG-023 XG-MG-024 e y e | Color Option A Color Option",VERIFIED_FROM_CATALOGUE
XG-MG-024,Mugs,,Product code : XG-M24,304 double wall insulated vacuum coffee cup,400 ml,Black,,20,XG-MG-024,bottom-right,"fe  {  \ AGMG'0 9 GEM 029 A@, ee : e Color Option ail Color Option XG-MG-021 XG-MG-022  e y  Color Option Color Option tt XG-MG-023 XG-MG-024 e y e | Color Option A Color Option",VERIFIED_FROM_CATALOGUE
XG-MG-025,Mugs,,,304 double wall insulated vacuum coffee cup with slider cap,450 apx,matt black,,21,XG-MG-025,top-left,LL  y  yo  i  \ XG-MG-025 — XG-MG-026 e e Color Option a Color Option XG-MG-027 r=) XG-MG-028 e e \ y Color Option Color Option a XG-MG-029 XG-MG-030 ececcoee y e°@ Color Option A Color Option,VERIFIED_FROM_CATALOGUE
XG-MG-026,Mugs,,,304 double wall insulated vacuum coffee cup with spoon & handle,450 apx,matt black & White,,21,XG-MG-026,top-right,LL  y  yo  i  \ XG-MG-025 — XG-MG-026 e e Color Option a Color Option XG-MG-027 r=) XG-MG-028 e e \ y Color Option Color Option a XG-MG-029 XG-MG-030 ececcoee y e°@ Color Option A Color Option,VERIFIED_FROM_CATALOGUE
XG-MG-027,Mugs,,,304 double wall insulated vacuum coffee with flip cap,450 apx,matt black & white,,21,XG-MG-027,middle-left,LL  y  yo  i  \ XG-MG-025 — XG-MG-026 e e Color Option a Color Option XG-MG-027 r=) XG-MG-028 e e \ y Color Option Color Option a XG-MG-029 XG-MG-030 ececcoee y e°@ Color Option A Color Option,VERIFIED_FROM_CATALOGUE
XG-MG-028,Mugs,,,304 double wall insulated vacuum coffee Cup with handle,400 ml,white & BLACK,,21,XG-MG-028,middle-right,LL  y  yo  i  \ XG-MG-025 — XG-MG-026 e e Color Option a Color Option XG-MG-027 r=) XG-MG-028 e e \ y Color Option Color Option a XG-MG-029 XG-MG-030 ececcoee y e°@ Color Option A Color Option,VERIFIED_FROM_CATALOGUE
XG-MG-029,Mugs,,,,350 ml,"brown;peach;blue;red;maroon;black",,21,XG-MG-029,bottom-left,LL  y  yo  i  \ XG-MG-025 — XG-MG-026 e e Color Option a Color Option XG-MG-027 r=) XG-MG-028 e e \ y Color Option Color Option a XG-MG-029 XG-MG-030 ececcoee y e°@ Color Option A Color Option,VERIFIED_FROM_CATALOGUE
XG-MG-030,Mugs,,,304 double wall vacuum insulated coffee mug with temperature display,510 ml,"Matt black;white & blue",,21,XG-MG-030,bottom-right,LL  y  yo  i  \ XG-MG-025 — XG-MG-026 e e Color Option a Color Option XG-MG-027 r=) XG-MG-028 e e \ y Color Option Color Option a XG-MG-029 XG-MG-030 ececcoee y e°@ Color Option A Color Option,VERIFIED_FROM_CATALOGUE
XG-MG-031,Mugs,,304 double wall vacuum insulated coffee mug with flip cap open.,304 double wall vacuum insulated coffee mug,350 ml,"Matt black;white;blue",,22,XG-MG-031,top-left,"fe { \ XG-MG-031 XG-MG-032 oe ee 9 olor BLK BLUE AND WHITE Color; Matt black, white & blue a a ee. @ : @@ Color Option all Color Option XG-MG-033 XG-MG-034 ee e0e a” Color Option Color Option tt XG-MG-035 XG-MG-036 e y e Color Option A Color Option",VERIFIED_FROM_CATALOGUE
XG-MG-032,Mugs,,304 vacuum hot & cold mug,304 vacuum hot & cold,510 ml,"BLK;BLUE;WHITE",,22,XG-MG-032,top-right,"fe { \ XG-MG-031 XG-MG-032 oe ee 9 olor BLK BLUE AND WHITE Color; Matt black, white & blue a a ee. @ : @@ Color Option all Color Option XG-MG-033 XG-MG-034 ee e0e a” Color Option Color Option tt XG-MG-035 XG-MG-036 e y e Color Option A Color Option",VERIFIED_FROM_CATALOGUE
XG-MG-033,Mugs,,304 vacuum hot & cold mug with lid,304 vacuum hot & cold,510 ml,"Blue;white;blk",,22,XG-MG-033,middle-left,"fe { \ XG-MG-031 XG-MG-032 oe ee 9 olor BLK BLUE AND WHITE Color; Matt black, white & blue a a ee. @ : @@ Color Option all Color Option XG-MG-033 XG-MG-034 ee e0e a” Color Option Color Option tt XG-MG-035 XG-MG-036 e y e Color Option A Color Option",VERIFIED_FROM_CATALOGUE
XG-MG-034,Mugs,,Glass mug with bamboo lid & straw,Glass mug with bamboo lid & straw,500 ml,"GREY;BLUE;BLK;white",,22,XG-MG-034,middle-right,"fe { \ XG-MG-031 XG-MG-032 oe ee 9 olor BLK BLUE AND WHITE Color; Matt black, white & blue a a ee. @ : @@ Color Option all Color Option XG-MG-033 XG-MG-034 ee e0e a” Color Option Color Option tt XG-MG-035 XG-MG-036 e y e Color Option A Color Option",VERIFIED_FROM_CATALOGUE
XG-MG-035,Mugs,,ceramic mug with cork base,ceramic mug with cork base,350 ml,"Matt black;white",,22,XG-MG-035,bottom-left,"1 XG-MG-032 oe ee 9 olor BLK BLUE AND WHITE Color; Matt black, white & blue a a ee. @ : @@ Color Option all Color Option XG-MG-033 XG-MG-034 ee e0e a” Color Option Color Option tt XG-MG-035 XG-MG-036 e y e Color Option A Color Option",VERIFIED_FROM_CATALOGUE
XG-MG-036,Mugs,,"304, Vaccum insulated mug with locking cap","304, Vaccum insulated mug with locking cap",500 Appx,"MATT BLACK;white",,22,XG-MG-036,bottom-right,"2 oe ee 9 olor BLK BLUE AND WHITE Color; Matt black, white & blue a a ee. @ : @@ Color Option all Color Option XG-MG-033 XG-MG-034 ee e0e a” Color Option Color Option tt XG-MG-035 XG-MG-036 e y e Color Option A Color Option",VERIFIED_FROM_CATALOGUE
XG-MG-037,Mugs,304. Vaccum insulated mug with handle,,304 Stainless Steel,500 Appx,"MATT BLACK;white",,23,XG-MG-037,top-left,fe { \ XG-MG-037 = XG-MG-038 - e : e Color Option ail Color Option XG-MG-039 XG-MG-040 _  e eo ~ P Color Option Color Option tt XG-MG-041 XG-MG-042 e y e Color Option A Color Option,VERIFIED_FROM_CATALOGUE
XG-MG-038,Mugs,Spill free tumbler suction mug 304 vacuum insulated,,304 Stainless Steel,450 ml,"MATT BLACK;white",,23,XG-MG-038,top-right,fe { \ XG-MG-037 = XG-MG-038 - e : e Color Option ail Color Option XG-MG-039 XG-MG-040 _  e eo ~ P Color Option Color Option tt XG-MG-041 XG-MG-042 e y e Color Option A Color Option,VERIFIED_FROM_CATALOGUE
XG-MG-039,Mugs,304 double wall vacuum insulated coffee mug with handle,,304 Stainless Steel,350 ml,"Matt black;white;red",,23,XG-MG-039,middle-left,fe { \ XG-MG-037 = XG-MG-038 - e : e Color Option ail Color Option XG-MG-039 XG-MG-040 _  e eo ~ P Color Option Color Option tt XG-MG-041 XG-MG-042 e y e Color Option A Color Option,VERIFIED_FROM_CATALOGUE
XG-MG-040,Mugs,BAMBOO INSULATED MUG WITH STEEL CAP,,Bamboo,400 ml Appx,Bamboo,,23,XG-MG-040,middle-right,fe { \ XG-MG-037 = XG-MG-038 - e : e Color Option ail Color Option XG-MG-039 XG-MG-040 _  e eo ~ P Color Option Color Option tt XG-MG-041 XG-MG-042 e y e Color Option A Color Option,VERIFIED_FROM_CATALOGUE
XG-MG-041,Mugs,304 vacuum hot & cold vacuum mug with strap,,304 Stainless Steel,380 ml,Matt black,,23,XG-MG-041,bottom-left,fe { \ XG-MG-037 = XG-MG-038 - e : e Color Option ail Color Option XG-MG-039 XG-MG-040 _  e eo ~ P Color Option Color Option tt XG-MG-041 XG-MG-042 e y e Color Option A Color Option,VERIFIED_FROM_CATALOGUE
XG-MG-042,Mugs,High quality 304 vacuum hot & cold,,304 Stainless Steel,320 ml,"WHITE BLK;red",,23,XG-MG-042,bottom-right,fe { \ XG-MG-037 = XG-MG-038 - e : e Color Option ail Color Option XG-MG-039 XG-MG-040 _  e eo ~ P Color Option Color Option tt XG-MG-041 XG-MG-042 e y e Color Option A Color Option,VERIFIED_FROM_CATALOGUE
XG-MG-044,Mugs,,,304 vacuum hot & cold insulated coffee mug easy flip to sip,600 ml,"Matt black;white",,24,XG-MG-044,top-right,"EE —_~ y i \ y . XS = = wos XG-MG-043 \ XG-MG-044 (— e | e Color Option ; Color Option XG-MG-045 XG-MG-046 . anes F """" ——- my) e j Color Option Color Option f",VERIFIED_FROM_CATALOGUE
XG-MG-045,Mugs,,,304 vacuum hot & cold. Dual lid sipper,900 ml,"Green sky blue;Dark blue;black",,24,XG-MG-045,bottom-left,"EE —_~ y i \ y . XS = = wos XG-MG-043 \ XG-MG-044 (— e | e Color Option ; Color Option XG-MG-045 XG-MG-046 . anes F """" ——- my) e j Color Option Color Option f",VERIFIED_FROM_CATALOGUE
XG-MG-046,Mugs,,,304 vacuum hot & cold with cork base with lid,500 ml,Matt black,,24,XG-MG-046,bottom-right,"EE —_~ y i \ y . XS = = wos XG-MG-043 \ XG-MG-044 (— e | e Color Option ; Color Option XG-MG-045 XG-MG-046 . anes F """" ——- my) e j Color Option Color Option f",VERIFIED_FROM_CATALOGUE
XG-MG-048,Mugs,,,,,,,24,XG-MG-048,,,NOT_AVAILABLE
XG-NB-001,Notebooks,,"SIZE: A5
PAGES: 200
TYPE: RULED",,200 Pages (A5),,,37,XG-NB-001,top-left,"y f f | NOTEBOOK i ™ —_ XG-NB-001 2 XG-NB-002 2 Sie AS | Size: a8 ; | pnoes:200 paces: 200 al ee | | | ] rr f | — e e y e eo | Color Option — 4 Color Option ix XG-NB-003 XG-NB-004 SIZE: AB SIZE: A5 eS PAGES: 200 PAGES: 200 2 Tee, | oe Ee y Color Option ee Color Option ~ dl XG-NB-005 XG-NB-006 _ size a8 — aces 200 aces: 200 * -_ e e y @ ee — Color Option yy Color Option",VERIFIED_FROM_CATALOGUE
XG-NB-002,Notebooks,,"SIZE: A5
PAGES: 200
TYPE: RULED",,200 Pages (A5),,,37,XG-NB-002,top-right,"y f f | NOTEBOOK i ™ —_ XG-NB-001 2 XG-NB-002 2 Sie AS | Size: a8 ; | pnoes:200 paces: 200 al ee | | | ] rr f | — e e y e eo | Color Option — 4 Color Option ix XG-NB-003 XG-NB-004 SIZE: AB SIZE: A5 eS PAGES: 200 PAGES: 200 2 Tee, | oe Ee y Color Option ee Color Option ~ dl XG-NB-005 XG-NB-006 _ size a8 — aces 200 aces: 200 * -_ e e y @ ee — Color Option yy Color Option",VERIFIED_FROM_CATALOGUE
XG-NB-003,Notebooks,,"SIZE: A5
PAGES: 200
TYPE: RULED",,200 Pages (A5),,,37,XG-NB-003,middle-left,"y f f | NOTEBOOK i ™ —_ XG-NB-001 2 XG-NB-002 2 Sie AS | Size: a8 ; | pnoes:200 paces: 200 al ee | | | ] rr f | — e e y e eo | Color Option — 4 Color Option ix XG-NB-003 XG-NB-004 SIZE: AB SIZE: A5 eS PAGES: 200 PAGES: 200 2 Tee, | oe Ee y Color Option ee Color Option ~ dl XG-NB-005 XG-NB-006 _ size a8 — aces 200 aces: 200 * -_ e e y @ ee — Color Option yy Color Option",VERIFIED_FROM_CATALOGUE
XG-NB-004,Notebooks,,"SIZE: A5
PAGES: 200
TYPE: RULED",,200 Pages (A5),,,37,XG-NB-004,middle-right,"y f f | NOTEBOOK i ™ —_ XG-NB-001 2 XG-NB-002 2 Sie AS | Size: a8 ; | pnoes:200 paces: 200 al ee | | | ] rr f | — e e y e eo | Color Option — 4 Color Option ix XG-NB-003 XG-NB-004 SIZE: AB SIZE: A5 eS PAGES: 200 PAGES: 200 2 Tee, | oe Ee y Color Option ee Color Option ~ dl XG-NB-005 XG-NB-006 _ size a8 — aces 200 aces: 200 * -_ e e y @ ee — Color Option yy Color Option",VERIFIED_FROM_CATALOGUE
XG-NB-005,Notebooks,,"SIZE: A5
PAGES: 200
TYPE: RULED",,200 Pages (A5),,,37,XG-NB-005,bottom-left,"ee | | | ] rr f | — e e y e eo | Color Option — 4 Color Option ix XG-NB-003 XG-NB-004 SIZE: AB SIZE: A5 eS PAGES: 200 PAGES: 200 2 Tee, | oe Ee y Color Option ee Color Option ~ dl XG-NB-005 XG-NB-006 _ size a8 — aces 200 aces: 200 * -_ e e y @ ee — Color Option yy Color Option",VERIFIED_FROM_CATALOGUE
XG-NB-006,Notebooks,,"SIZE: A5
PAGES: 200
TYPE: RULED",,200 Pages (A5),,,37,XG-NB-006,bottom-right,"rr f | — e e y e eo | Color Option — 4 Color Option ix XG-NB-003 XG-NB-004 SIZE: AB SIZE: A5 eS PAGES: 200 PAGES: 200 2 Tee, | oe Ee y Color Option ee Color Option ~ dl XG-NB-005 XG-NB-006 _ size a8 — aces 200 aces: 200 * -_ e e y @ ee — Color Option yy Color Option",VERIFIED_FROM_CATALOGUE
XG-NB-007,Notebooks,,"SIZE: A5, PAGES: 200, TYPE: RULED",,200 Pages (A5),,,38,XG-NB-007,middle-left,"y f & | ! NOTEBOOK i ~ == ci XG-NB-007 XG-NB-008 SIZE: AS 5 | size: AS - smetRute | siescedul = ee fF y e >» | is Color Option A Color Option XG-NB-009 XG-NB-010 aces 200 aces: 200 a TYPE: RULED _— TYPE: RULED a P | er) ee —_ y y e e E | ec0e | y Color Option Color Option — XG-NB-011 XG-NB-012 PAGES: 200 PAGES: 200 = TYPE: RULED TYPE:RULED e @ y © ee i =, Golor Option Color Option",VERIFIED_FROM_CATALOGUE
XG-NB-008,Notebooks,,"SIZE: A5, PAGES: 200, TYPE: RULED",,200 Pages (A5),,,38,XG-NB-008,middle-right,"y f & | ! NOTEBOOK i ~ == ci XG-NB-007 XG-NB-008 SIZE: AS 5 | size: AS - smetRute | siescedul = ee fF y e >» | is Color Option A Color Option XG-NB-009 XG-NB-010 aces 200 aces: 200 a TYPE: RULED _— TYPE: RULED a P | er) ee —_ y y e e E | ec0e | y Color Option Color Option — XG-NB-011 XG-NB-012 PAGES: 200 PAGES: 200 = TYPE: RULED TYPE:RULED e @ y © ee i =, Golor Option Color Option",VERIFIED_FROM_CATALOGUE
XG-NB-009,Notebooks,,"SIZE: A5, PAGES: 200, TYPE: RULED",,200 Pages (A5),,,38,XG-NB-009,middle-left,"y f & | ! NOTEBOOK i ~ == ci XG-NB-007 XG-NB-008 SIZE: AS 5 | size: AS - smetRute | siescedul = ee fF y e >» | is Color Option A Color Option XG-NB-009 XG-NB-010 aces 200 aces: 200 a TYPE: RULED _— TYPE: RULED a P | er) ee —_ y y e e E | ec0e | y Color Option Color Option — XG-NB-011 XG-NB-012 PAGES: 200 PAGES: 200 = TYPE: RULED TYPE:RULED e @ y © ee i =, Golor Option Color Option",VERIFIED_FROM_CATALOGUE
XG-NB-010,Notebooks,,"SIZE: A5, PAGES: 200, TYPE: RULED",,200 Pages (A5),,,38,XG-NB-010,middle-right,"y f & | ! NOTEBOOK i ~ == ci XG-NB-007 XG-NB-008 SIZE: AS 5 | size: AS - smetRute | siescedul = ee fF y e >» | is Color Option A Color Option XG-NB-009 XG-NB-010 aces 200 aces: 200 a TYPE: RULED _— TYPE: RULED a P | er) ee —_ y y e e E | ec0e | y Color Option Color Option — XG-NB-011 XG-NB-012 PAGES: 200 PAGES: 200 = TYPE: RULED TYPE:RULED e @ y © ee i =, Golor Option Color Option",VERIFIED_FROM_CATALOGUE
XG-NB-011,Notebooks,,"SIZE: A5, PAGES: 200, TYPE: RULED",,200 Pages (A5),,,38,XG-NB-011,bottom-left,"ee fF y e >» | is Color Option A Color Option XG-NB-009 XG-NB-010 aces 200 aces: 200 a TYPE: RULED _— TYPE: RULED a P | er) ee —_ y y e e E | ec0e | y Color Option Color Option — XG-NB-011 XG-NB-012 PAGES: 200 PAGES: 200 = TYPE: RULED TYPE:RULED e @ y © ee i =, Golor Option Color Option",VERIFIED_FROM_CATALOGUE
XG-NB-012,Notebooks,,"SIZE: A5, PAGES: 200, TYPE: RULED",,200 Pages (A5),,,38,XG-NB-012,bottom-right,">» | is Color Option A Color Option XG-NB-009 XG-NB-010 aces 200 aces: 200 a TYPE: RULED _— TYPE: RULED a P | er) ee —_ y y e e E | ec0e | y Color Option Color Option — XG-NB-011 XG-NB-012 PAGES: 200 PAGES: 200 = TYPE: RULED TYPE:RULED e @ y © ee i =, Golor Option Color Option",VERIFIED_FROM_CATALOGUE
XG-NB-013,Notebooks,,"SIZE: A5
PAGES: 200
TYPE: RULED",,200 Pages (A5),,,39,XG-NB-013,top-left,"LEE f | NOTEBOOK \ XG-NB-013 XG-NB-014 SIZE: AS i, SIZE: AS TYPE: RULED. be TYPE: RULED @ e6 {  @ 608 ai Color Option _ Color Option XG-NB-O15 XG-NB-016 TYPE: RULED ah TYPE: RULED. e@ ee ec0e ie y Color Option Color Option yr XG-NB-017 XG-NB-018 ee | — e ee i Color Option y Color Option a",VERIFIED_FROM_CATALOGUE
XG-NB-014,Notebooks,,"SIZE: A5
PAGES: 200
TYPE: RULED",,200 Pages (A5),,,39,XG-NB-014,top-right,"LEE f | NOTEBOOK \ XG-NB-013 XG-NB-014 SIZE: AS i, SIZE: AS TYPE: RULED. be TYPE: RULED @ e6 {  @ 608 ai Color Option _ Color Option XG-NB-O15 XG-NB-016 TYPE: RULED ah TYPE: RULED. e@ ee ec0e ie y Color Option Color Option yr XG-NB-017 XG-NB-018 ee | — e ee i Color Option y Color Option a",VERIFIED_FROM_CATALOGUE
XG-NB-015,Notebooks,,"SIZE: A5
PAGES: 200
TYPE: RULED",,200 Pages (A5),,,39,XG-NB-015,middle-left,,VERIFIED_FROM_CATALOGUE
XG-NB-016,Notebooks,,"SIZE: A5
PAGES: 200
TYPE: RULED",,200 Pages (A5),,,39,XG-NB-016,middle-right,"LEE f | NOTEBOOK \ XG-NB-013 XG-NB-014 SIZE: AS i, SIZE: AS TYPE: RULED. be TYPE: RULED @ e6 {  @ 608 ai Color Option _ Color Option XG-NB-O15 XG-NB-016 TYPE: RULED ah TYPE: RULED. e@ ee ec0e ie y Color Option Color Option yr XG-NB-017 XG-NB-018 ee | — e ee i Color Option y Color Option a",VERIFIED_FROM_CATALOGUE
XG-NB-017,Notebooks,,"SIZE: A5
PAGES: 200
TYPE: RULED",,200 Pages (A5),,,39,XG-NB-017,bottom-left,"S i, SIZE: AS TYPE: RULED. be TYPE: RULED @ e6 {  @ 608 ai Color Option _ Color Option XG-NB-O15 XG-NB-016 TYPE: RULED ah TYPE: RULED. e@ ee ec0e ie y Color Option Color Option yr XG-NB-017 XG-NB-018 ee | — e ee i Color Option y Color Option a",VERIFIED_FROM_CATALOGUE
XG-NB-018,Notebooks,,"SIZE: A5
PAGES: 200
TYPE: RULED",,200 Pages (A5),,,39,XG-NB-018,bottom-right,AS TYPE: RULED. be TYPE: RULED @ e6 {  @ 608 ai Color Option _ Color Option XG-NB-O15 XG-NB-016 TYPE: RULED ah TYPE: RULED. e@ ee ec0e ie y Color Option Color Option yr XG-NB-017 XG-NB-018 ee | — e ee i Color Option y Color Option a,VERIFIED_FROM_CATALOGUE
XG-NB-019,Notebooks,,"SIZE: A5, PAGES: 200, TYPE: RULED",,200 Pages (A5),,,40,XG-NB-019,middle-left,"f  f  | NOTEBOOK  f  ™ <i XG-NB-019 XG-NB-020 SIZE: AS. ‘SIZE: AS £ Sa Color Option A Color Option XG-NB-021 XG-NB-022 eee 1.6 eee = , Color Option - Color Option _ y XG-NB-023 XG-NB-024 ® o ” , eT) A Color Option",VERIFIED_FROM_CATALOGUE
XG-NB-020,Notebooks,,"SIZE: A5, PAGES: 200, TYPE: RULED",,200 Pages (A5),,,40,XG-NB-020,middle-right,"f  f  | NOTEBOOK  f  ™ <i XG-NB-019 XG-NB-020 SIZE: AS. ‘SIZE: AS £ Sa Color Option A Color Option XG-NB-021 XG-NB-022 eee 1.6 eee = , Color Option - Color Option _ y XG-NB-023 XG-NB-024 ® o ” , eT) A Color Option",VERIFIED_FROM_CATALOGUE
XG-NB-021,Notebooks,,"SIZE: A5, PAGES: 200, TYPE: RULED",,200 Pages (A5),,,40,XG-NB-021,middle-left,"f  f  | NOTEBOOK  f  ™ <i XG-NB-019 XG-NB-020 SIZE: AS. ‘SIZE: AS £ Sa Color Option A Color Option XG-NB-021 XG-NB-022 eee 1.6 eee = , Color Option - Color Option _ y XG-NB-023 XG-NB-024 ® o ” , eT) A Color Option",VERIFIED_FROM_CATALOGUE
XG-NB-022,Notebooks,,"SIZE: A5, PAGES: 200, TYPE: RULED",,200 Pages (A5),,,40,XG-NB-022,middle-right,"f  f  | NOTEBOOK  f  ™ <i XG-NB-019 XG-NB-020 SIZE: AS. ‘SIZE: AS £ Sa Color Option A Color Option XG-NB-021 XG-NB-022 eee 1.6 eee = , Color Option - Color Option _ y XG-NB-023 XG-NB-024 ® o ” , eT) A Color Option",VERIFIED_FROM_CATALOGUE
XG-NB-023,Notebooks,,"SIZE: A5, PAGES: 200, TYPE: RULED",,200 Pages (A5),,,40,XG-NB-023,bottom-left,"f  f  | NOTEBOOK  f  ™ <i XG-NB-019 XG-NB-020 SIZE: AS. ‘SIZE: AS £ Sa Color Option A Color Option XG-NB-021 XG-NB-022 eee 1.6 eee = , Color Option - Color Option _ y XG-NB-023 XG-NB-024 ® o ” , eT) A Color Option",VERIFIED_FROM_CATALOGUE
XG-NB-024,Notebooks,,"SIZE: A5, PAGES: 200, TYPE: RULED",,200 Pages (A5),,,40,XG-NB-024,bottom-right,"f  f  | NOTEBOOK  f  ™ <i XG-NB-019 XG-NB-020 SIZE: AS. ‘SIZE: AS £ Sa Color Option A Color Option XG-NB-021 XG-NB-022 eee 1.6 eee = , Color Option - Color Option _ y XG-NB-023 XG-NB-024 ® o ” , eT) A Color Option",VERIFIED_FROM_CATALOGUE
XG-NB-025,Notebooks,,"SIZE: A5
PAGES: 200
TYPE: RULED",,200 Pages (A5),,,41,XG-NB-025,bottom-left,| NOTEBOOK X = 2a XG-NB-025 XG-NB-026 = e . e e@ Color Option Color Option,VERIFIED_FROM_CATALOGUE
XG-NB-026,Notebooks,,"SIZE: A5
PAGES: 200
TYPE: RULED",,200 Pages (A5),,,41,XG-NB-026,bottom-right,| NOTEBOOK X = 2a XG-NB-025 XG-NB-026 = e . e e@ Color Option Color Option,VERIFIED_FROM_CATALOGUE
XG-MP-001,Pens,MOBILE STYLUS,"Engraving & print possible, Style type : TWIST, MOBILE STYLUS",Metal,,"White;Black",,33,XG-MP-001,middle-left,y y/ & { \ XG-MP-001 XG-EL-002 e / y eco Color Option tt Color Option XG-MP-003 XG-MP-004 / ee / e 7 Color Option Color Option y XG-MP-005 a XG-MP-006 os ‘Style type: twist y Style type: twist eco / eee e / Color Option yr Color Option,VERIFIED_FROM_CATALOGUE
XG-MP-003,Pens,METAL BALL PEN,"Engraving & print possible, Style type : twist",Metal,,"White;Gold;Blue",,33,XG-MP-003,middle-left,y y/ & { \ XG-MP-001 XG-EL-002 e / y eco Color Option tt Color Option XG-MP-003 XG-MP-004 / ee / e 7 Color Option Color Option y XG-MP-005 a XG-MP-006 os ‘Style type: twist y Style type: twist eco / eee e / Color Option yr Color Option,VERIFIED_FROM_CATALOGUE
XG-MP-004,Pens,METAL BALL PEN,"Engraving & print possible, Style type : twist",Metal,,White,,33,XG-MP-004,middle-right,y y/ & { \ XG-MP-001 XG-EL-002 e / y eco Color Option tt Color Option XG-MP-003 XG-MP-004 / ee / e 7 Color Option Color Option y XG-MP-005 a XG-MP-006 os ‘Style type: twist y Style type: twist eco / eee e / Color Option yr Color Option,VERIFIED_FROM_CATALOGUE
XG-MP-005,Pens,METAL BALL PEN,"Engraving & print possible, Style type : twist",Metal,,"Gold;Blue;Grey;Brown;White",,33,XG-MP-005,bottom-left,y y/ & { \ XG-MP-001 XG-EL-002 e / y eco Color Option tt Color Option XG-MP-003 XG-MP-004 / ee / e 7 Color Option Color Option y XG-MP-005 a XG-MP-006 os ‘Style type: twist y Style type: twist eco / eee e / Color Option yr Color Option,VERIFIED_FROM_CATALOGUE
XG-MP-006,Pens,METAL BALL PEN,"Engraving & print possible, Style type : twist",Metal,,"Gold;Blue;White;Grey;Brown",,33,XG-MP-006,bottom-right,y y/ & { \ XG-MP-001 XG-EL-002 e / y eco Color Option tt Color Option XG-MP-003 XG-MP-004 / ee / e 7 Color Option Color Option y XG-MP-005 a XG-MP-006 os ‘Style type: twist y Style type: twist eco / eee e / Color Option yr Color Option,VERIFIED_FROM_CATALOGUE
XG-MP-007,Pens,METAL BALL PEN,"Product code : XG-MP-7
ENGRAVING & printing possible
Style type : twist",Metal,,Blk,,34,XG-MP-007,top-left,y y/ & { \ XG-MP-007 XG-EL-008 Color Option tt Color Option XG-MP-009 XG-MP-010 pp ee / eo / y Color Option Color Option y XG-MP-011 XG-MP-012 . ee / eco 6 / Color Option it Color Option,VERIFIED_FROM_CATALOGUE
XG-MP-009,Pens,METAL BALL PEN,"Product code : XG-MP-9
ENGRAVING & printing possible
Style type : twist",Metal,,"Blk;orange;blue;red",,34,XG-MP-009,middle-left,y y/ & { \ XG-MP-007 XG-EL-008 Color Option tt Color Option XG-MP-009 XG-MP-010 pp ee / eo / y Color Option Color Option y XG-MP-011 XG-MP-012 . ee / eco 6 / Color Option it Color Option,VERIFIED_FROM_CATALOGUE
XG-MP-010,Pens,METAL BALL PEN,"Product code : XG-MP-10
ENGRAVING & printing possible
Style type : click",Metal,,"Blk;blue;white;red;grey",,34,XG-MP-010,middle-right,y y/ & { \ XG-MP-007 XG-EL-008 Color Option tt Color Option XG-MP-009 XG-MP-010 pp ee / eo / y Color Option Color Option y XG-MP-011 XG-MP-012 . ee / eco 6 / Color Option it Color Option,VERIFIED_FROM_CATALOGUE
XG-MP-011,Pens,METAL BALL PEN,"Product code : XG-MP-11
ENGRAVING & printing possible
Style type : click",Metal,,"Blk;blue;red",,34,XG-MP-011,bottom-left,y y/ & { \ XG-MP-007 XG-EL-008 Color Option tt Color Option XG-MP-009 XG-MP-010 pp ee / eo / y Color Option Color Option y XG-MP-011 XG-MP-012 . ee / eco 6 / Color Option it Color Option,VERIFIED_FROM_CATALOGUE
XG-MP-012,Pens,METAL BALL PEN,"Product code : XG-MP-12
ENGRAVING & printing possible
Style type : twist",Metal,,Blk with silver clip,,34,XG-MP-012,bottom-right,y y/ & { \ XG-MP-007 XG-EL-008 Color Option tt Color Option XG-MP-009 XG-MP-010 pp ee / eo / y Color Option Color Option y XG-MP-011 XG-MP-012 . ee / eco 6 / Color Option it Color Option,VERIFIED_FROM_CATALOGUE
XG-MP-013,Pens,METAL BALL PEN,"Product code : XG-MP-13,METAL BALL PEN,ENGRAVING & printing possible,Style type : CLICK,Color. Blk-grey Blue red orange green",Metal,,"Blk;grey;Blue;red;orange;green",,35,XG-MP-013,middle-left,y y/ &  '  i XG-MP-013 XG-EL-014 Color Option dt Color Option XG-MP-015 se XG-MP-016 eo / e uv y Color Option Color Option y XG-MP-017 XG-MP-018 Product code : XG-MP-17 ‘Product code : XG-MP-18- > e / i Color Option it Color Option,VERIFIED_FROM_CATALOGUE
XG-MP-015,Pens,METAL BALL PEN,"Product code : XG-MP-15,METAL BALL PEN,ENGRAVING & printing possible,Style type : twist,Color. Blk blue white & red",Metal,,"Blk;blue;white;red",,35,XG-MP-015,bottom-left,y y/ &  '  i XG-MP-013 XG-EL-014 Color Option dt Color Option XG-MP-015 se XG-MP-016 eo / e uv y Color Option Color Option y XG-MP-017 XG-MP-018 Product code : XG-MP-17 ‘Product code : XG-MP-18- > e / i Color Option it Color Option,VERIFIED_FROM_CATALOGUE
XG-MP-016,Pens,Premium Roller pen,"Product code : XG-MP-16,Premium Roller pen,ENGRAVING & printing possible,Style type : cap,Color. Blk with gold clip",Metal,,Blk,,35,XG-MP-016,middle-right,y y/ &  '  i XG-MP-013 XG-EL-014 Color Option dt Color Option XG-MP-015 se XG-MP-016 eo / e uv y Color Option Color Option y XG-MP-017 XG-MP-018 Product code : XG-MP-17 ‘Product code : XG-MP-18- > e / i Color Option it Color Option,VERIFIED_FROM_CATALOGUE
XG-MP-017,Pens,Premium ball pen,"Product code : XG-MP-17,Premium ball pen,Magnet closing pen,ENGRAVING & printing possible,Style type : cap,Color. Blk",Metal,,Blk,,35,XG-MP-017,bottom-left,y y/ &  '  i XG-MP-013 XG-EL-014 Color Option dt Color Option XG-MP-015 se XG-MP-016 eo / e uv y Color Option Color Option y XG-MP-017 XG-MP-018 Product code : XG-MP-17 ‘Product code : XG-MP-18- > e / i Color Option it Color Option,VERIFIED_FROM_CATALOGUE
XG-MP-018,Pens,PREMIUM ROLLER PEN,"Product code : XG-MP-18,PREMIUM ROLLER PEN,ENGRAVING & printing possible,Style type : CAP,Color. WHITE GOLD SILVER",Metal,,"WHITE;GOLD;SILVER",,35,XG-MP-018,bottom-right,y y/ &  '  i XG-MP-013 XG-EL-014 Color Option dt Color Option XG-MP-015 se XG-MP-016 eo / e uv y Color Option Color Option y XG-MP-017 XG-MP-018 Product code : XG-MP-17 ‘Product code : XG-MP-18- > e / i Color Option it Color Option,VERIFIED_FROM_CATALOGUE
XG-MP-019,Pens,METAL BALL PEN,"Product code : XG-MP-19
METAL BALL PEN
ENGRAVING & printing possible
Style type : CLICK
Color : Blk-grey Blue red orange green",Metal,,"Blk;grey;Blue;red;orange;green",,36,XG-MP-019,middle-left,‘muo#ra’ = PENS XG-MP-019 XG-MP-020 ' | eoccce e Color Option Color Option XG-MP-021 s 5-MP-21 y UJ Color Option.,VERIFIED_FROM_CATALOGUE
XG-MP-020,Pens,METAL BALL PEN,"Product code : XG-MP-20
METAL BALL PEN
ENGRAVING & printing possible
Style type : twist
Color : Blk",Metal,,Blk,,36,XG-MP-020,middle-right,‘muo#ra’ = PENS XG-MP-019 XG-MP-020 ' | eoccce e Color Option Color Option XG-MP-021 s 5-MP-21 y UJ Color Option.,VERIFIED_FROM_CATALOGUE
XG-MP-021,Pens,BAMBOO BALL PEN,"Product code : XG-MP-21
BAMBOO BALL PEN
ENGRAVING & printing possible
Style type : CLICK
Color : NATURAL BAMBOO",Bamboo,,NATURAL BAMBOO,,36,XG-MP-021,bottom-left,‘muo#ra’ = PENS XG-MP-019 XG-MP-020 ' | eoccce e Color Option Color Option XG-MP-021 s 5-MP-21 y UJ Color Option.,VERIFIED_FROM_CATALOGUE
XG-BT-001,Water Bottles,,,steel,750 ml,"silver;Black;blue;red",,3,XG-BT-001,top-left,"lie  |  |  \  \ XG-BT-001 XG-BT-002 } | “= ai / oe A Color Option yy Color Option XG-BT-003 4 XG-BT-004 = | sce i Color Option = Color Option """" XG-BT-005 XG-BT-006  code: X6-005 of Product code :XG-006 e e & y e@ ee % Color Option aa Color Option",VERIFIED_FROM_CATALOGUE
XG-BT-002,Water Bottles,,,stainless steel,750 ml,"BLACK;WHITE;SILVER;RED;BLUE",,3,XG-BT-002,top-right,"lie  |  |  \  \ XG-BT-001 XG-BT-002 } | “= ai / oe A Color Option yy Color Option XG-BT-003 4 XG-BT-004 = | sce i Color Option = Color Option """" XG-BT-005 XG-BT-006  code: X6-005 of Product code :XG-006 e e & y e@ ee % Color Option aa Color Option",VERIFIED_FROM_CATALOGUE
XG-BT-003,Water Bottles,,,ALUMINIUM,750 ml,"Black;white;red;gray",,3,XG-BT-003,middle-left,"lie  |  |  \  \ XG-BT-001 XG-BT-002 } | “= ai / oe A Color Option yy Color Option XG-BT-003 4 XG-BT-004 = | sce i Color Option = Color Option """" XG-BT-005 XG-BT-006  code: X6-005 of Product code :XG-006 e e & y e@ ee % Color Option aa Color Option",VERIFIED_FROM_CATALOGUE
XG-BT-004,Water Bottles,,,ALUMINIUM,750 ml,"BLUE;RED;BLACK",,3,XG-BT-004,middle-right,"lie  |  |  \  \ XG-BT-001 XG-BT-002 } | “= ai / oe A Color Option yy Color Option XG-BT-003 4 XG-BT-004 = | sce i Color Option = Color Option """" XG-BT-005 XG-BT-006  code: X6-005 of Product code :XG-006 e e & y e@ ee % Color Option aa Color Option",VERIFIED_FROM_CATALOGUE
XG-BT-005,Water Bottles,,,Aluminium metal bottle,750 ml,"BLUE;RED;BLACK;SILVER & WHITE",,3,XG-BT-005,bottom-left,"lie  |  |  \  \ XG-BT-001 XG-BT-002 } | “= ai / oe A Color Option yy Color Option XG-BT-003 4 XG-BT-004 = | sce i Color Option = Color Option """" XG-BT-005 XG-BT-006  code: X6-005 of Product code :XG-006 e e & y e@ ee % Color Option aa Color Option",VERIFIED_FROM_CATALOGUE
XG-BT-006,Water Bottles,,,ALUMINIUM METAL BOTTLE,750 ml,"MATT BLACK;WHITE;BLUE & RED",,3,XG-BT-006,bottom-right,"lie  |  |  \  \ XG-BT-001 XG-BT-002 } | “= ai / oe A Color Option yy Color Option XG-BT-003 4 XG-BT-004 = | sce i Color Option = Color Option """" XG-BT-005 XG-BT-006  code: X6-005 of Product code :XG-006 e e & y e@ ee % Color Option aa Color Option",VERIFIED_FROM_CATALOGUE
XG-BT-007,Water Bottles,,,STAINLESS STEEL,1000 ml,SILVER,,4,XG-BT-007,middle-left,"y  |  |  |  \  i XG-BT-007 He XG-BT-008 P  SLED YL eo :  Color Option SAS 4 Color Option a XG-BT-009 P XG-BT-010 3 Color Option = Color Option. """" XG-BT-011 uy XG-BT-012 e & fe S Color Option y Color Option",VERIFIED_FROM_CATALOGUE
XG-BT-008,Water Bottles,,,ALUMINIUM METAL BOTTLE with silicon cap,750 ml,"BLACK WITH LID BLUE;ORANGE;RED;WHITE",,4,XG-BT-008,middle-right,"y  |  |  |  \  i XG-BT-007 He XG-BT-008 P  SLED YL eo :  Color Option SAS 4 Color Option a XG-BT-009 P XG-BT-010 3 Color Option = Color Option. """" XG-BT-011 uy XG-BT-012 e & fe S Color Option y Color Option",VERIFIED_FROM_CATALOGUE
XG-BT-009,Water Bottles,,,HIGH GRADE STAINLESS STEEL BOTTLE,750 ml,"BLACK;RED;BLUE;SILVER;WHITE",,4,XG-BT-009,bottom-left,"y  |  |  |  \  i XG-BT-007 He XG-BT-008 P  SLED YL eo :  Color Option SAS 4 Color Option a XG-BT-009 P XG-BT-010 3 Color Option = Color Option. """" XG-BT-011 uy XG-BT-012 e & fe S Color Option y Color Option",VERIFIED_FROM_CATALOGUE
XG-BT-010,Water Bottles,,,stainless steel bottle with handle,750 ml,"MATT BLACK;WHITE",,4,XG-BT-010,bottom-center,"y  |  |  |  \  i XG-BT-007 He XG-BT-008 P  SLED YL eo :  Color Option SAS 4 Color Option a XG-BT-009 P XG-BT-010 3 Color Option = Color Option. """" XG-BT-011 uy XG-BT-012 e & fe S Color Option y Color Option",VERIFIED_FROM_CATALOGUE
XG-BT-011,Water Bottles,,,high grade stainless steel,750ml,"MATT BLACK;WHITE",,4,XG-BT-011,bottom-left,"y  |  |  |  \  i XG-BT-007 He XG-BT-008 P  SLED YL eo :  Color Option SAS 4 Color Option a XG-BT-009 P XG-BT-010 3 Color Option = Color Option. """" XG-BT-011 uy XG-BT-012 e & fe S Color Option y Color Option",VERIFIED_FROM_CATALOGUE
XG-BT-012,Water Bottles,,,HIGH GRADE STEEL BOTTLE,750 ml,"MATT BLACK;WHITE",,4,XG-BT-012,bottom-right,"y  |  |  |  \  i XG-BT-007 He XG-BT-008 P  SLED YL eo :  Color Option SAS 4 Color Option a XG-BT-009 P XG-BT-010 3 Color Option = Color Option. """" XG-BT-011 uy XG-BT-012 e & fe S Color Option y Color Option",VERIFIED_FROM_CATALOGUE
XG-BT-013,Water Bottles,,,High Quality stainless steel with string,750 ml,"RED;BLUE;BLACK",,5,XG-BT-013,top-left,le  |  |  |  \  i XG-BT-013 XG-BT-014 Color Option P /f Color Option XG-BT-015 : XG-BT-016 = Gl 2S / Color Option = Color Option y XG-BT-017 i} XG-BT-018 Product code : XG-O17 > Product code : 6-018 Color Option i 4 Color Option,VERIFIED_FROM_CATALOGUE
XG-BT-014,Water Bottles,,,High quality stainless steel,750 ml,"MATT - BLACK;RED;BLUE",,5,XG-BT-014,top-right,le  |  |  |  \  i XG-BT-013 XG-BT-014 Color Option P /f Color Option XG-BT-015 : XG-BT-016 = Gl 2S / Color Option = Color Option y XG-BT-017 i} XG-BT-018 Product code : XG-O17 > Product code : 6-018 Color Option i 4 Color Option,VERIFIED_FROM_CATALOGUE
XG-BT-015,Water Bottles,,,High quality stainless steel,750 ml,"MATT - BLACK;RED;BLUE",,5,XG-BT-015,middle-left,le  |  |  |  \  i XG-BT-013 XG-BT-014 Color Option P /f Color Option XG-BT-015 : XG-BT-016 = Gl 2S / Color Option = Color Option y XG-BT-017 i} XG-BT-018 Product code : XG-O17 > Product code : 6-018 Color Option i 4 Color Option,VERIFIED_FROM_CATALOGUE
XG-BT-016,Water Bottles,,,High quality stainless steel,900 ml,"WHITE;BLACK",,5,XG-BT-016,middle-right,le  |  |  |  \  i XG-BT-013 XG-BT-014 Color Option P /f Color Option XG-BT-015 : XG-BT-016 = Gl 2S / Color Option = Color Option y XG-BT-017 i} XG-BT-018 Product code : XG-O17 > Product code : 6-018 Color Option i 4 Color Option,VERIFIED_FROM_CATALOGUE
XG-BT-017,Water Bottles,,,HIGH GRADE STEEL WATER BOTTLE,1000 ml,SILVER,,5,XG-BT-017,bottom-left,le  |  |  |  \  i XG-BT-013 XG-BT-014 Color Option P /f Color Option XG-BT-015 : XG-BT-016 = Gl 2S / Color Option = Color Option y XG-BT-017 i} XG-BT-018 Product code : XG-O17 > Product code : 6-018 Color Option i 4 Color Option,VERIFIED_FROM_CATALOGUE
XG-BT-018,Water Bottles,,,HIGH GRADE STEEL BOTTLE,750 ml,"MATT BLACK;WHITE",,5,XG-BT-018,bottom-right,le  |  |  |  \  i XG-BT-013 XG-BT-014 Color Option P /f Color Option XG-BT-015 : XG-BT-016 = Gl 2S / Color Option = Color Option y XG-BT-017 i} XG-BT-018 Product code : XG-O17 > Product code : 6-018 Color Option i 4 Color Option,VERIFIED_FROM_CATALOGUE
XG-BT-019,Water Bottles,,Break proof & leak proof,High quality stainless steel,750 ml.,"MATT - BLACK;RED;BLUE",,6,XG-BT-019,middle-left,|  |  |  i XG-BT-019 XG-BT-020 sain Color Option y Color Option XG-BT-021 XG-BT-022  J \  @o0 S e ( y Color Option _ Color Option e y XG-BT-023 XG-BT-024 I Color Option < Color Option ~—,VERIFIED_FROM_CATALOGUE
XG-BT-020,Water Bottles,,Break proof & leak proof,High quality stainless steel with bamboo lid,750 ml,"MATT BLACK;WHITE",,6,XG-BT-020,middle-right,|  |  |  i XG-BT-019 XG-BT-020 sain Color Option y Color Option XG-BT-021 XG-BT-022  J \  @o0 S e ( y Color Option _ Color Option e y XG-BT-023 XG-BT-024 I Color Option < Color Option ~—,VERIFIED_FROM_CATALOGUE
XG-BT-021,Water Bottles,,,,,,,6,XG-BT-021,bottom-left,|  |  |  i XG-BT-019 XG-BT-020 sain Color Option y Color Option XG-BT-021 XG-BT-022  J \  @o0 S e ( y Color Option _ Color Option e y XG-BT-023 XG-BT-024 I Color Option < Color Option ~—,VERIFIED_FROM_CATALOGUE
XG-BT-022,Water Bottles,,,stainless steel,1000 ml,matt black,,6,XG-BT-022,bottom-right,|  |  |  i XG-BT-019 XG-BT-020 sain Color Option y Color Option XG-BT-021 XG-BT-022  J \  @o0 S e ( y Color Option _ Color Option e y XG-BT-023 XG-BT-024 I Color Option < Color Option ~—,VERIFIED_FROM_CATALOGUE
XG-BT-023,Water Bottles,,,HIGH GRADE STEEL WATER BOTTLE,,SILVER,,6,XG-BT-023,bottom-left,|  |  |  i XG-BT-019 XG-BT-020 sain Color Option y Color Option XG-BT-021 XG-BT-022  J \  @o0 S e ( y Color Option _ Color Option e y XG-BT-023 XG-BT-024 I Color Option < Color Option ~—,VERIFIED_FROM_CATALOGUE
XG-BT-024,Water Bottles,,,stainless steel,1000 ml,SILVER,,6,XG-BT-024,bottom-right,|  |  |  i XG-BT-019 XG-BT-020 sain Color Option y Color Option XG-BT-021 XG-BT-022  J \  @o0 S e ( y Color Option _ Color Option e y XG-BT-023 XG-BT-024 I Color Option < Color Option ~—,VERIFIED_FROM_CATALOGUE
XG-BT-031,Water Bottles,,,Vacuum hot & cold,500 ml,"White;Black",,7,XG-BT-031,middle-left,le  |  |  |  \ XG-BT-031 7 XG-BT-032 Bi Color Option y Color Option —_— XG-BT-033 i XG-BT-034 ‘ft  coo & e y Color Option Color Option = « XG-BT-035 XG-BT-036 : Product code: X6-035 black oduct code: xO-036 iS | J an. Ss / ee i  Color Option y Color Option,VERIFIED_FROM_CATALOGUE
XG-BT-032,Water Bottles,,,VACUUM HOT & COLD,500 ml,"WHITE;BLUE;BLACK",,7,XG-BT-032,middle-right,le  |  |  |  \ XG-BT-031 7 XG-BT-032 Bi Color Option y Color Option —_— XG-BT-033 i XG-BT-034 ‘ft  coo & e y Color Option Color Option = « XG-BT-035 XG-BT-036 : Product code: X6-035 black oduct code: xO-036 iS | J an. Ss / ee i  Color Option y Color Option,VERIFIED_FROM_CATALOGUE
XG-BT-033,Water Bottles,,,Vacuum hot & cold,750 ml,"GREY;WHITE;BLACK;WINE",,7,XG-BT-033,middle-left,le  |  |  |  \ XG-BT-031 7 XG-BT-032 Bi Color Option y Color Option —_— XG-BT-033 i XG-BT-034 ‘ft  coo & e y Color Option Color Option = « XG-BT-035 XG-BT-036 : Product code: X6-035 black oduct code: xO-036 iS | J an. Ss / ee i  Color Option y Color Option,VERIFIED_FROM_CATALOGUE
XG-BT-034,Water Bottles,,,304 vaccum bottle,500 ml,"MATT BLACK;WHITE",,7,XG-BT-034,middle-right,le  |  |  |  \ XG-BT-031 7 XG-BT-032 Bi Color Option y Color Option —_— XG-BT-033 i XG-BT-034 ‘ft  coo & e y Color Option Color Option = « XG-BT-035 XG-BT-036 : Product code: X6-035 black oduct code: xO-036 iS | J an. Ss / ee i  Color Option y Color Option,VERIFIED_FROM_CATALOGUE
XG-BT-035,Water Bottles,,,vacuum Hot & cold,750 ml,"BLACK;WHITE",,7,XG-BT-035,bottom-left,le  |  |  |  \ XG-BT-031 7 XG-BT-032 Bi Color Option y Color Option —_— XG-BT-033 i XG-BT-034 ‘ft  coo & e y Color Option Color Option = « XG-BT-035 XG-BT-036 : Product code: X6-035 black oduct code: xO-036 iS | J an. Ss / ee i  Color Option y Color Option,VERIFIED_FROM_CATALOGUE
XG-BT-036,Water Bottles,,,304 Vaccum insulated mug with locking cap,500 Appx,"MATT BLACK;white",,7,XG-BT-036,bottom-right,le  |  |  |  \ XG-BT-031 7 XG-BT-032 Bi Color Option y Color Option —_— XG-BT-033 i XG-BT-034 ‘ft  coo & e y Color Option Color Option = « XG-BT-035 XG-BT-036 : Product code: X6-035 black oduct code: xO-036 iS | J an. Ss / ee i  Color Option y Color Option,VERIFIED_FROM_CATALOGUE
XG-BT-037,Water Bottles,,,304. Vaccum insulated mug with handle,500 Appx,"MATT BLACK;WHITE",,8,XG-BT-037,bottom-left,"’  |  (  \  i XG-BT-037 XG-BT-038 ‘Material : 304. Vaccum insulated 3 Material : 304. Vaccum insulated woter  ; ‘ ™  Color Option = y Color Option e — XG-BT-039 XG-BT-040 I) a )= y Color Option Color Option y XG-BT-041 f| XG-BT-042 Color Option. y Color Option",VERIFIED_FROM_CATALOGUE
XG-BT-038,Water Bottles,,,304. Vaccum insulated water bottles with stainless steel cup with lid,500 Appx,"MATT BLACK;SILVER",,8,XG-BT-038,bottom-center,"’  |  (  \  i XG-BT-037 XG-BT-038 ‘Material : 304. Vaccum insulated 3 Material : 304. Vaccum insulated woter  ; ‘ ™  Color Option = y Color Option e — XG-BT-039 XG-BT-040 I) a )= y Color Option Color Option y XG-BT-041 f| XG-BT-042 Color Option. y Color Option",VERIFIED_FROM_CATALOGUE
XG-BT-039,Water Bottles,,,304. Vaccum insulated mug with locking cap,500 Appx,"MATT BLACK;WHITE",,8,XG-BT-039,bottom-left,"’  |  (  \  i XG-BT-037 XG-BT-038 ‘Material : 304. Vaccum insulated 3 Material : 304. Vaccum insulated woter  ; ‘ ™  Color Option = y Color Option e — XG-BT-039 XG-BT-040 I) a )= y Color Option Color Option y XG-BT-041 f| XG-BT-042 Color Option. y Color Option",VERIFIED_FROM_CATALOGUE
XG-BT-040,Water Bottles,,,304. Vaccum insulated mug with silicon strap to easily handling,400 Appx,"MATT BLACK;WHITE",,8,XG-BT-040,bottom-right,"’  |  (  \  i XG-BT-037 XG-BT-038 ‘Material : 304. Vaccum insulated 3 Material : 304. Vaccum insulated woter  ; ‘ ™  Color Option = y Color Option e — XG-BT-039 XG-BT-040 I) a )= y Color Option Color Option y XG-BT-041 f| XG-BT-042 Color Option. y Color Option",VERIFIED_FROM_CATALOGUE
XG-BT-041,Water Bottles,,,304. Stainless steel vacuum insulated cup,500 ml,"BLUE;RED;SILVER;BLACK;WHITE",,8,XG-BT-041,bottom-left,"-038 ‘Material : 304. Vaccum insulated 3 Material : 304. Vaccum insulated woter  ; ‘ ™  Color Option = y Color Option e — XG-BT-039 XG-BT-040 I) a )= y Color Option Color Option y XG-BT-041 f| XG-BT-042 Color Option. y Color Option",VERIFIED_FROM_CATALOGUE
XG-BT-042,Water Bottles,,,304. Vaccum insulated mug with temperature display,500 Appx,"MATT BLACK;WHITE;RED;BLUE",,8,XG-BT-042,bottom-right,"l : 304. Vaccum insulated 3 Material : 304. Vaccum insulated woter  ; ‘ ™  Color Option = y Color Option e — XG-BT-039 XG-BT-040 I) a )= y Color Option Color Option y XG-BT-041 f| XG-BT-042 Color Option. y Color Option",VERIFIED_FROM_CATALOGUE
XG-BT-043,Water Bottles,,,hot & cold vacuum bottle,800 ml,"DARK BLUE;GREEN;BLACK;SKY BLUE",,9,XG-BT-043,top-left,"’  |  (  \  i XG-BT-043 | XG-BT-044 coo & } { e80@ m Color Option e y Color Option & ia XG-BT-045 XG-BT-046  q  ee 2 ee i] y Color Option Color Option y XG-BT-047 ; XG-BT-048  @) © eee y eo. / Color Option. 4 y Color Option i) sina",VERIFIED_FROM_CATALOGUE
XG-BT-044,Water Bottles,,,vacuum hot & cold,1000 ml,"BLUE;WHITE;BLACK",,9,XG-BT-044,top-right,"’  |  (  \  i XG-BT-043 | XG-BT-044 coo & } { e80@ m Color Option e y Color Option & ia XG-BT-045 XG-BT-046  q  ee 2 ee i] y Color Option Color Option y XG-BT-047 ; XG-BT-048  @) © eee y eo. / Color Option. 4 y Color Option i) sina",VERIFIED_FROM_CATALOGUE
XG-BT-045,Water Bottles,,,304 stainless steel insulated water bottle with rope to handle easily,500 ml,"MATT BLACK;WHITE & BLUE",,9,XG-BT-045,middle-left,"’  |  (  \  i XG-BT-043 | XG-BT-044 coo & } { e80@ m Color Option e y Color Option & ia XG-BT-045 XG-BT-046  q  ee 2 ee i] y Color Option Color Option y XG-BT-047 ; XG-BT-048  @) © eee y eo. / Color Option. 4 y Color Option i) sina",VERIFIED_FROM_CATALOGUE
XG-BT-046,Water Bottles,,PACKING : color box,vacuum insulated bottle with silicon grip,500 ml,"BLUE;WHITE & BLACK",,9,XG-BT-046,middle-right,"’  |  (  \  i XG-BT-043 | XG-BT-044 coo & } { e80@ m Color Option e y Color Option & ia XG-BT-045 XG-BT-046  q  ee 2 ee i] y Color Option Color Option y XG-BT-047 ; XG-BT-048  @) © eee y eo. / Color Option. 4 y Color Option i) sina",VERIFIED_FROM_CATALOGUE
XG-BT-047,Water Bottles,,,,500 ml,"RED;BLUE;SKY BLUE;ORANGE;NAVY BLUE;BLACK & WHITE",,9,XG-BT-047,bottom-left,"’  |  (  \  i XG-BT-043 | XG-BT-044 coo & } { e80@ m Color Option e y Color Option & ia XG-BT-045 XG-BT-046  q  ee 2 ee i] y Color Option Color Option y XG-BT-047 ; XG-BT-048  @) © eee y eo. / Color Option. 4 y Color Option i) sina",VERIFIED_FROM_CATALOGUE
XG-BT-048,Water Bottles,,,304 steel double wall vacuum bottle with sipper cap,500 ml,"MATT BLACK;WHITE & BLUE",,9,XG-BT-048,bottom-right,"’  |  (  \  i XG-BT-043 | XG-BT-044 coo & } { e80@ m Color Option e y Color Option & ia XG-BT-045 XG-BT-046  q  ee 2 ee i] y Color Option Color Option y XG-BT-047 ; XG-BT-048  @) © eee y eo. / Color Option. 4 y Color Option i) sina",VERIFIED_FROM_CATALOGUE
XG-BT-049,Water Bottles,,Product code :-XG-043,304 double wall insulated bottle with strap,800 ml,"MATT BLUE;WHITE;BLACK",,10,XG-BT-049,top-left,y  ’  |  (  \  i XG-BT-049 XG-BT-050 Product code : -xG-043 Product code: x-044_ |_|  / =  “8 y | Color Option w 4 Color Option a XG-BT-051 XG-BT-052 oo @ 8 Color Option Color Option y XG-BT-053 XG-BT-054 Color Option. y Color Option,VERIFIED_FROM_CATALOGUE
XG-BT-050,Water Bottles,,Product code: XG-044,Double wall 304 vacuum bottle with high lid quality,850 ml & 500 ml,MATT BLACK,,10,XG-BT-050,top-right,y  ’  |  (  \  i XG-BT-049 XG-BT-050 Product code : -xG-043 Product code: x-044_ |_|  / =  “8 y | Color Option w 4 Color Option a XG-BT-051 XG-BT-052 oo @ 8 Color Option Color Option y XG-BT-053 XG-BT-054 Color Option. y Color Option,VERIFIED_FROM_CATALOGUE
XG-BT-051,Water Bottles,,Product code: XG-051,double wall insulated,750 ml,MATT BLACK,,10,XG-BT-051,middle-left,y  ’  |  (  \  i XG-BT-049 XG-BT-050 Product code : -xG-043 Product code: x-044_ |_|  / =  “8 y | Color Option w 4 Color Option a XG-BT-051 XG-BT-052 oo @ 8 Color Option Color Option y XG-BT-053 XG-BT-054 Color Option. y Color Option,VERIFIED_FROM_CATALOGUE
XG-BT-052,Water Bottles,,"Product code :-XG-052; PACKING : color box",Double wall 304 vacuum bottle with high lid quality with ring to hang.,500 ml,"MATT BLACK;BLUE;WHITE",,10,XG-BT-052,middle-right,y  ’  |  (  \  i XG-BT-049 XG-BT-050 Product code : -xG-043 Product code: x-044_ |_|  / =  “8 y | Color Option w 4 Color Option a XG-BT-051 XG-BT-052 oo @ 8 Color Option Color Option y XG-BT-053 XG-BT-054 Color Option. y Color Option,VERIFIED_FROM_CATALOGUE
XG-BT-053,Water Bottles,,Product code : XG-053,Vacuum hot & cold,1000 ml,"BLACK;BLUE;GREEN;ORANGE",,10,XG-BT-053,bottom-left,|  (  \  i XG-BT-049 XG-BT-050 Product code : -xG-043 Product code: x-044_ |_|  / =  “8 y | Color Option w 4 Color Option a XG-BT-051 XG-BT-052 oo @ 8 Color Option Color Option y XG-BT-053 XG-BT-054 Color Option. y Color Option,VERIFIED_FROM_CATALOGUE
XG-BT-054,Water Bottles,,Product code :-XG-054,304 vacuum in vacuum insulation sports bottle with high lid quality,500 ml,"Matt black;white",,10,XG-BT-054,bottom-right,i XG-BT-049 XG-BT-050 Product code : -xG-043 Product code: x-044_ |_|  / =  “8 y | Color Option w 4 Color Option a XG-BT-051 XG-BT-052 oo @ 8 Color Option Color Option y XG-BT-053 XG-BT-054 Color Option. y Color Option,VERIFIED_FROM_CATALOGUE
XG-BT-055,Water Bottles,,,304 double wall insulated bottle with strap,600 ml,"MATT BLUE;WHITE;BLACK",,11,XG-BT-055,middle-left,|  |  |  X XG-BT-055 em XG-BT-056 Cu eo ) Jf us f Color Option & y Color Option XG-BT-057 XG-BT-058 if! eo £ ee i A Color Option Color Option y XG-BT-059 ps) XG-BT-060 Color Option. y Color Option,VERIFIED_FROM_CATALOGUE
XG-BT-056,Water Bottles,,,BOROSILICATE GLASS BOTTLE WITH silicone pouch,1000 ml,GLASS,,11,XG-BT-056,middle-right,|  |  |  X XG-BT-055 em XG-BT-056 Cu eo ) Jf us f Color Option & y Color Option XG-BT-057 XG-BT-058 if! eo £ ee i A Color Option Color Option y XG-BT-059 ps) XG-BT-060 Color Option. y Color Option,VERIFIED_FROM_CATALOGUE
XG-BT-057,Water Bottles,,,HOT & cold vacuum bottle with transparent sipper cap,500 ml,BLACK BLUE AND SILVER,,11,XG-BT-057,middle-left,|  |  |  X XG-BT-055 em XG-BT-056 Cu eo ) Jf us f Color Option & y Color Option XG-BT-057 XG-BT-058 if! eo £ ee i A Color Option Color Option y XG-BT-059 ps) XG-BT-060 Color Option. y Color Option,VERIFIED_FROM_CATALOGUE
XG-BT-058,Water Bottles,,PACKING : Steel grade,High quality bamboo thermos vacuum flask,450 ml,"MATT BLACK;BLUE & WHITE",,11,XG-BT-058,middle-right,|  |  |  X XG-BT-055 em XG-BT-056 Cu eo ) Jf us f Color Option & y Color Option XG-BT-057 XG-BT-058 if! eo £ ee i A Color Option Color Option y XG-BT-059 ps) XG-BT-060 Color Option. y Color Option,VERIFIED_FROM_CATALOGUE
XG-BT-059,Water Bottles,,,VACUUM HOT & cold with straw sipper cap,500 ml,Black Grey blue,,11,XG-BT-059,bottom-left,|  |  |  X XG-BT-055 em XG-BT-056 Cu eo ) Jf us f Color Option & y Color Option XG-BT-057 XG-BT-058 if! eo £ ee i A Color Option Color Option y XG-BT-059 ps) XG-BT-060 Color Option. y Color Option,VERIFIED_FROM_CATALOGUE
XG-BT-060,Water Bottles,,,304 vacuum in vacuum insulation sports bottle with high lid quality,500 ml,Matt black & white,,11,XG-BT-060,bottom-right,|  |  |  X XG-BT-055 em XG-BT-056 Cu eo ) Jf us f Color Option & y Color Option XG-BT-057 XG-BT-058 if! eo £ ee i A Color Option Color Option y XG-BT-059 ps) XG-BT-060 Color Option. y Color Option,VERIFIED_FROM_CATALOGUE
XG-BT-061,Water Bottles,,,ECO FRIENDLY 500 ml vacuum insulated flask with tea cup,500 ml,"Matt black;white;blue",,12,XG-BT-061,middle-left,"|  |  |  \  i XG-BT-061 XG-BT-062 e & yo oe | = Color Option y Color Option XG-BT-063 XG-BT-064 Product code : -KG-063 == Product code : -X6-064 Color Option — Color Option _ XG-BT-065 =e | XG-BT-066 f t e & ; =) ) Color Option ee Color Option",VERIFIED_FROM_CATALOGUE
XG-BT-062,Water Bottles,,,ECO FRIENDLY 500 ml vacuum insulated flask with tea cup,500 ml,"Matt black;white;blue",,12,XG-BT-062,middle-right,"|  |  |  \  i XG-BT-061 XG-BT-062 e & yo oe | = Color Option y Color Option XG-BT-063 XG-BT-064 Product code : -KG-063 == Product code : -X6-064 Color Option — Color Option _ XG-BT-065 =e | XG-BT-066 f t e & ; =) ) Color Option ee Color Option",VERIFIED_FROM_CATALOGUE
XG-BT-063,Water Bottles,,,304 Double wall insulated thermos bamboo bottle,500 ml,Bamboo natural,,12,XG-BT-063,middle-left,"|  |  |  \  i XG-BT-061 XG-BT-062 e & yo oe | = Color Option y Color Option XG-BT-063 XG-BT-064 Product code : -KG-063 == Product code : -X6-064 Color Option — Color Option _ XG-BT-065 =e | XG-BT-066 f t e & ; =) ) Color Option ee Color Option",VERIFIED_FROM_CATALOGUE
XG-BT-064,Water Bottles,,,304 vacuum insulated cola bottle,500 ml,"MATT BLACK;white",,12,XG-BT-064,middle-right,"|  |  |  \  i XG-BT-061 XG-BT-062 e & yo oe | = Color Option y Color Option XG-BT-063 XG-BT-064 Product code : -KG-063 == Product code : -X6-064 Color Option — Color Option _ XG-BT-065 =e | XG-BT-066 f t e & ; =) ) Color Option ee Color Option",VERIFIED_FROM_CATALOGUE
XG-BT-065,Water Bottles,,,3304 Double wall insulated thermos bamboo bottle with Temperature display,500 ml,Bamboo natural,,12,XG-BT-065,bottom-left,"|  |  |  \  i XG-BT-061 XG-BT-062 e & yo oe | = Color Option y Color Option XG-BT-063 XG-BT-064 Product code : -KG-063 == Product code : -X6-064 Color Option — Color Option _ XG-BT-065 =e | XG-BT-066 f t e & ; =) ) Color Option ee Color Option",VERIFIED_FROM_CATALOGUE
XG-BT-066,Water Bottles,,,eco friendly DOUBLE WALL INSULATED WOODEN FINISH WATER BOTTLE,500 ml,Wooden design,,12,XG-BT-066,bottom-right,"i XG-BT-061 XG-BT-062 e & yo oe | = Color Option y Color Option XG-BT-063 XG-BT-064 Product code : -KG-063 == Product code : -X6-064 Color Option — Color Option _ XG-BT-065 =e | XG-BT-066 f t e & ; =) ) Color Option ee Color Option",VERIFIED_FROM_CATALOGUE
XG-BT-067,Water Bottles,,,vacuum hot & cold bamboo finish,500 ml,BAMBOO SPRAY,,13,XG-BT-067,middle-left,- A 4 p | ( \ \ SSS XG-BT-067 Bsa XG-BT-068 @ ® i / ee € Color Option _ Color Option mt XG-BT-069 a5 XG-BT-070 = Color Option = Color Option ras ad ¢ XG-BT-O71 es XG-BT-072 ] cm oe J 2 Color Option | = y Color Option e,VERIFIED_FROM_CATALOGUE
XG-BT-068,Water Bottles,,,304 Double wall sports water bottle easy carry outside,600 ml,"Matt black;blue;red & yellow",,13,XG-BT-068,middle-right,- A 4 p | ( \ \ SSS XG-BT-067 Bsa XG-BT-068 @ ® i / ee € Color Option _ Color Option mt XG-BT-069 a5 XG-BT-070 = Color Option = Color Option ras ad ¢ XG-BT-O71 es XG-BT-072 ] cm oe J 2 Color Option | = y Color Option e,VERIFIED_FROM_CATALOGUE
XG-BT-069,Water Bottles,,,304. Vacuum hot & cold,500 ml,natural bamboo,,13,XG-BT-069,middle-left,- A 4 p | ( \ \ SSS XG-BT-067 Bsa XG-BT-068 @ ® i / ee € Color Option _ Color Option mt XG-BT-069 a5 XG-BT-070 = Color Option = Color Option ras ad ¢ XG-BT-O71 es XG-BT-072 ] cm oe J 2 Color Option | = y Color Option e,VERIFIED_FROM_CATALOGUE
XG-BT-070,Water Bottles,,,304 vacuum hot & cold with handle,500 ml,Grey & black,,13,XG-BT-070,middle-right,- A 4 p | ( \ \ SSS XG-BT-067 Bsa XG-BT-068 @ ® i / ee € Color Option _ Color Option mt XG-BT-069 a5 XG-BT-070 = Color Option = Color Option ras ad ¢ XG-BT-O71 es XG-BT-072 ] cm oe J 2 Color Option | = y Color Option e,VERIFIED_FROM_CATALOGUE
XG-BT-071,Water Bottles,,,304 vacuum hot & cold with handle,850 ml,Black & white,,13,XG-BT-071,bottom-left,,VERIFIED_FROM_CATALOGUE
XG-BT-072,Water Bottles,,,304 vacuum insulated bottle with bottom bamboo handle to carry flip open,500 ml,BLACK RED & BLUE,,13,XG-BT-072,bottom-right,- A 4 p | ( \ \ SSS XG-BT-067 Bsa XG-BT-068 @ ® i / ee € Color Option _ Color Option mt XG-BT-069 a5 XG-BT-070 = Color Option = Color Option ras ad ¢ XG-BT-O71 es XG-BT-072 ] cm oe J 2 Color Option | = y Color Option e,VERIFIED_FROM_CATALOGUE
XG-BT-073,Water Bottles,,,304 vacuum hot & cold with handle,500 ml,Black,,14,XG-BT-073,middle-left,yy —™  |  |  |  f  \  .  SS XG-BT-073 XG-BT-074 om) e | y eee Qa ] Color Option er Color Option — XG-BL075 oo XG-BT-076 Color Option Color Option — XG-BT-077 XG-BT-078 7 cco ™! & Color Option y Color Option ‘,VERIFIED_FROM_CATALOGUE
XG-BT-074,Water Bottles,,,304 vacuum hot & cold with handle y carry outside,750 ml,"Black;Green;dark blue & sky blue",,14,XG-BT-074,middle-right,yy —™  |  |  |  f  \  .  SS XG-BT-073 XG-BT-074 om) e | y eee Qa ] Color Option er Color Option — XG-BL075 oo XG-BT-076 Color Option Color Option — XG-BT-077 XG-BT-078 7 cco ™! & Color Option y Color Option ‘,VERIFIED_FROM_CATALOGUE
XG-BT-075,Water Bottles,,,304 vacuum hot & cold with handle,1000 ml,Dark blue & Black,,14,XG-BT-075,middle-center,,VERIFIED_FROM_CATALOGUE
XG-BT-076,Water Bottles,,,304 vacuum hot & cold with cork base,500 ml,black,,14,XG-BT-076,middle-right,yy —™  |  |  |  f  \  .  SS XG-BT-073 XG-BT-074 om) e | y eee Qa ] Color Option er Color Option — XG-BL075 oo XG-BT-076 Color Option Color Option — XG-BT-077 XG-BT-078 7 cco ™! & Color Option y Color Option ‘,VERIFIED_FROM_CATALOGUE
XG-BT-077,Water Bottles,,,304 vacuum hot & cold with handle,900 ml,"Red;Black & dark blue",,14,XG-BT-077,bottom-left,yy —™  |  |  |  f  \  .  SS XG-BT-073 XG-BT-074 om) e | y eee Qa ] Color Option er Color Option — XG-BL075 oo XG-BT-076 Color Option Color Option — XG-BT-077 XG-BT-078 7 cco ™! & Color Option y Color Option ‘,VERIFIED_FROM_CATALOGUE
XG-BT-078,Water Bottles,,,VACUUM 304 Hot & cold,600 ml,Matt black & white,,14,XG-BT-078,bottom-right,yy —™  |  |  |  f  \  .  SS XG-BT-073 XG-BT-074 om) e | y eee Qa ] Color Option er Color Option — XG-BL075 oo XG-BT-076 Color Option Color Option — XG-BT-077 XG-BT-078 7 cco ™! & Color Option y Color Option ‘,VERIFIED_FROM_CATALOGUE
XG-BT-079,Water Bottles,,,304 vacuum hot & cold with silicone handle,750 ml,"Brown;Blue;Black;Red;Green",,15,XG-BT-079,middle-left,y y | | y XG-BT-079 XG-BT-080 CCopacity:750 mi apackys7800mi Tr = ooo & J eco a Color Option od Color Option XG-BT-081 (i XG-BT-082 Color Option Color Option f y i XG-BT-083 - XG-BT-084 e008 C ° | e008 a Color Option = y Color Option -,VERIFIED_FROM_CATALOGUE
XG-BT-080,Water Bottles,,,304 vacuum hot & cold with handle y carry outside,750 ml,"Black;Green;Dark blue;Sky blue",,15,XG-BT-080,middle-right,y y | | y XG-BT-079 XG-BT-080 CCopacity:750 mi apackys7800mi Tr = ooo & J eco a Color Option od Color Option XG-BT-081 (i XG-BT-082 Color Option Color Option f y i XG-BT-083 - XG-BT-084 e008 C ° | e008 a Color Option = y Color Option -,VERIFIED_FROM_CATALOGUE
XG-BT-081,Water Bottles,,,borosilicate glass with jute cover & bamboo lid,500 ml,Natural glass,,15,XG-BT-081,middle-left,y y | | y XG-BT-079 XG-BT-080 CCopacity:750 mi apackys7800mi Tr = ooo & J eco a Color Option od Color Option XG-BT-081 (i XG-BT-082 Color Option Color Option f y i XG-BT-083 - XG-BT-084 e008 C ° | e008 a Color Option = y Color Option -,VERIFIED_FROM_CATALOGUE
XG-BT-082,Water Bottles,,,borosilicate glass with silicon cover & bamboo lid,550 ml,Natural glass with Green silicon bag,,15,XG-BT-082,middle-right,y y | | y XG-BT-079 XG-BT-080 CCopacity:750 mi apackys7800mi Tr = ooo & J eco a Color Option od Color Option XG-BT-081 (i XG-BT-082 Color Option Color Option f y i XG-BT-083 - XG-BT-084 e008 C ° | e008 a Color Option = y Color Option -,VERIFIED_FROM_CATALOGUE
XG-BT-083,Water Bottles,,,borosilicate glass with silicone cover & bamboo lid,600 ml,"Blue;Black;Red;Green;White;Orange",,15,XG-BT-083,bottom-left,y y | | y XG-BT-079 XG-BT-080 CCopacity:750 mi apackys7800mi Tr = ooo & J eco a Color Option od Color Option XG-BT-081 (i XG-BT-082 Color Option Color Option f y i XG-BT-083 - XG-BT-084 e008 C ° | e008 a Color Option = y Color Option -,VERIFIED_FROM_CATALOGUE
XG-BT-084,Water Bottles,,,vacuum hot & cold,600 ml,"GREEN;RED;BLUE;BLACK",,15,XG-BT-084,bottom-right,y y | | y XG-BT-079 XG-BT-080 CCopacity:750 mi apackys7800mi Tr = ooo & J eco a Color Option od Color Option XG-BT-081 (i XG-BT-082 Color Option Color Option f y i XG-BT-083 - XG-BT-084 e008 C ° | e008 a Color Option = y Color Option -,VERIFIED_FROM_CATALOGUE
XG-BT-085,Water Bottles,,,vacuum hot & cold,850 ml,"Green;Red;Blue;Black",,16,XG-BT-085,middle-left,"y / | | y \ a —— XG-BT-085 = XG-BL-086 ee ed tala 0 Peseenmacparse sania ] a uu eee = , coo | am Color Option Color Option 7 XG-BT-087 i XG-BT-088 s Deo =n J | Color Option Color Option f XG-BT-089 ral oa & HT] e Color Option 6",VERIFIED_FROM_CATALOGUE
XG-BT-086,Water Bottles,,,vacuum hot & cold,600 ml,"Black;Green;Dark Blue;Sky Blue",,16,XG-BT-086,middle-right,,VERIFIED_FROM_CATALOGUE
XG-BT-087,Water Bottles,,,vacuum hot & cold,800 ml,"Black;White;Blue",,16,XG-BT-087,bottom-left,"y / | | y \ a —— XG-BT-085 = XG-BL-086 ee ed tala 0 Peseenmacparse sania ] a uu eee = , coo | am Color Option Color Option 7 XG-BT-087 i XG-BT-088 s Deo =n J | Color Option Color Option f XG-BT-089 ral oa & HT] e Color Option 6",VERIFIED_FROM_CATALOGUE
XG-BT-088,Water Bottles,,,vacuum hot & cold with silicon grip for holding,800 ml,"blk/yellow;blk/green;blk/orange;blk/red",,16,XG-BT-088,bottom-right,"y / | | y \ a —— XG-BT-085 = XG-BL-086 ee ed tala 0 Peseenmacparse sania ] a uu eee = , coo | am Color Option Color Option 7 XG-BT-087 i XG-BT-088 s Deo =n J | Color Option Color Option f XG-BT-089 ral oa & HT] e Color Option 6",VERIFIED_FROM_CATALOGUE
XG-BT-089,Water Bottles,,,vacuum hot & cold with silicon grip for holding,600 ml,"blk/yellow;blk/green;blk/orange;blk/ red",,16,XG-BT-089,bottom-left,"y \ a —— XG-BT-085 = XG-BL-086 ee ed tala 0 Peseenmacparse sania ] a uu eee = , coo | am Color Option Color Option 7 XG-BT-087 i XG-BT-088 s Deo =n J | Color Option Color Option f XG-BT-089 ral oa & HT] e Color Option 6",VERIFIED_FROM_CATALOGUE
XG-BT-123,Water Bottles,3 in 1 Gift Set,Metal pen + Dairy + Metal Bottle,,,,,73,XG-BT-123,top-right,XG - GS- 122 XG-BT-123 ]  e @ i / @ e f  Color Option _“ Color Option  XG - GS- 124 XG- GS- 125 ia :  i  e @ . A  Color Option Color Option _d  XG - GS- 126 XG - GS- 127  e {2 y  Color Option P y Color Option,VERIFIED_FROM_CATALOGUE