code,category,source_page,source_code,name,description,material,capacity,colors,price_inr,image_path,raw_excerpt,data_status
XG-EL-001,Electronics,25,XG-EL-001,,,,,,,,y y  &  i  \  \. — EN XG-EL-001 XG-EL-002 e y eo Color Option y Color Option XG-EL-003 XG-EL-004 Color Option Color Option di XG-EL-005 XG-EL-006 e i g e Color Option y Color Option,needs_review
XG-EL-002,Electronics,25,XG-EL-002,,,,,,,,y y  &  i  \  \. — EN XG-EL-001 XG-EL-002 e y eo Color Option y Color Option XG-EL-003 XG-EL-004 Color Option Color Option di XG-EL-005 XG-EL-006 e i g e Color Option y Color Option,needs_review
XG-EL-003,Electronics,25,XG-EL-003,,,,,,,,y y  &  i  \  \. — EN XG-EL-001 XG-EL-002 e y eo Color Option y Color Option XG-EL-003 XG-EL-004 Color Option Color Option di XG-EL-005 XG-EL-006 e i g e Color Option y Color Option,needs_review
XG-EL-004,Electronics,25,XG-EL-004,,,,,,,,y y  &  i  \  \. — EN XG-EL-001 XG-EL-002 e y eo Color Option y Color Option XG-EL-003 XG-EL-004 Color Option Color Option di XG-EL-005 XG-EL-006 e i g e Color Option y Color Option,needs_review
XG-EL-005,Electronics,25,XG-EL-005,,,,,,,,y y  &  i  \  \. — EN XG-EL-001 XG-EL-002 e y eo Color Option y Color Option XG-EL-003 XG-EL-004 Color Option Color Option di XG-EL-005 XG-EL-006 e i g e Color Option y Color Option,needs_review
XG-EL-006,Electronics,25,XG-EL-006,,,,,,,,y y  &  i  \  \. — EN XG-EL-001 XG-EL-002 e y eo Color Option y Color Option XG-EL-003 XG-EL-004 Color Option Color Option di XG-EL-005 XG-EL-006 e i g e Color Option y Color Option,needs_review
XG-EL-007,Electronics,26,XG-EL-007,,,,,,,,y y  &  |  i XG-EL-007 XG-EL-008 ® / eee Color Option tt Color Option XG-EL-009 XG-EL-010 eo e y Color Option Color Option y XG-EL-O11 XG-EL-012 e e _ Color Option y Color Option,needs_review
XG-EL-008,Electronics,26,XG-EL-008,,,,,,,,y y  &  |  i XG-EL-007 XG-EL-008 ® / eee Color Option tt Color Option XG-EL-009 XG-EL-010 eo e y Color Option Color Option y XG-EL-O11 XG-EL-012 e e _ Color Option y Color Option,needs_review
XG-EL-009,Electronics,26,XG-EL-009,,,,,,,,y y  &  |  i XG-EL-007 XG-EL-008 ® / eee Color Option tt Color Option XG-EL-009 XG-EL-010 eo e y Color Option Color Option y XG-EL-O11 XG-EL-012 e e _ Color Option y Color Option,needs_review
XG-EL-010,Electronics,26,XG-EL-010,,,,,,,,y y  &  |  i XG-EL-007 XG-EL-008 ® / eee Color Option tt Color Option XG-EL-009 XG-EL-010 eo e y Color Option Color Option y XG-EL-O11 XG-EL-012 e e _ Color Option y Color Option,needs_review
XG-EL-012,Electronics,26,XG-EL-012,,,,,,,,y y  &  |  i XG-EL-007 XG-EL-008 ® / eee Color Option tt Color Option XG-EL-009 XG-EL-010 eo e y Color Option Color Option y XG-EL-O11 XG-EL-012 e e _ Color Option y Color Option,needs_review
XG-EL-013,Electronics,27,XG-EL-013,,,,,,,,y y/ & { \ XG-EL-013 7 XG-EL-014 Color Option tt Color Option XG-EL-015 XG-EL-016 Color Option Color Option y XG-EL-017 XG-EL-018 e e Color Option it Color Option,needs_review
XG-EL-014,Electronics,27,XG-EL-014,,,,,,,,y y/ & { \ XG-EL-013 7 XG-EL-014 Color Option tt Color Option XG-EL-015 XG-EL-016 Color Option Color Option y XG-EL-017 XG-EL-018 e e Color Option it Color Option,needs_review
XG-EL-015,Electronics,27,XG-EL-015,,,,,,,,y y/ & { \ XG-EL-013 7 XG-EL-014 Color Option tt Color Option XG-EL-015 XG-EL-016 Color Option Color Option y XG-EL-017 XG-EL-018 e e Color Option it Color Option,needs_review
XG-EL-016,Electronics,27,XG-EL-016,,,,,,,,y y/ & { \ XG-EL-013 7 XG-EL-014 Color Option tt Color Option XG-EL-015 XG-EL-016 Color Option Color Option y XG-EL-017 XG-EL-018 e e Color Option it Color Option,needs_review
XG-EL-017,Electronics,27,XG-EL-017,,,,,,,,y y/ & { \ XG-EL-013 7 XG-EL-014 Color Option tt Color Option XG-EL-015 XG-EL-016 Color Option Color Option y XG-EL-017 XG-EL-018 e e Color Option it Color Option,needs_review
XG-EL-018,Electronics,27,XG-EL-018,,,,,,,,y y/ & { \ XG-EL-013 7 XG-EL-014 Color Option tt Color Option XG-EL-015 XG-EL-016 Color Option Color Option y XG-EL-017 XG-EL-018 e e Color Option it Color Option,needs_review
XG-EL-019,Electronics,28,XG-EL-019,,,,,,,,hie  f  |  f  \ XG-EL-019 XG-EL-020  @ y eco / Color Option dt Color Option XG-EL-021 XG-EL-022 eo0 e y Color Option Color Option tt XG-EL-023 XG-EL-024 Color | Color white / grey i ee Color lack Gray Blue ee 4 <  ® 4 ee Color Option it Color Option,needs_review
XG-EL-020,Electronics,28,XG-EL-020,,,,,,,,hie  f  |  f  \ XG-EL-019 XG-EL-020  @ y eco / Color Option dt Color Option XG-EL-021 XG-EL-022 eo0 e y Color Option Color Option tt XG-EL-023 XG-EL-024 Color | Color white / grey i ee Color lack Gray Blue ee 4 <  ® 4 ee Color Option it Color Option,needs_review
XG-EL-021,Electronics,28,XG-EL-021,,,,,,,,hie  f  |  f  \ XG-EL-019 XG-EL-020  @ y eco / Color Option dt Color Option XG-EL-021 XG-EL-022 eo0 e y Color Option Color Option tt XG-EL-023 XG-EL-024 Color | Color white / grey i ee Color lack Gray Blue ee 4 <  ® 4 ee Color Option it Color Option,needs_review
XG-EL-022,Electronics,28,XG-EL-022,,,,,,,,hie  f  |  f  \ XG-EL-019 XG-EL-020  @ y eco / Color Option dt Color Option XG-EL-021 XG-EL-022 eo0 e y Color Option Color Option tt XG-EL-023 XG-EL-024 Color | Color white / grey i ee Color lack Gray Blue ee 4 <  ® 4 ee Color Option it Color Option,needs_review
XG-EL-023,Electronics,28,XG-EL-023,,,,,,,,hie  f  |  f  \ XG-EL-019 XG-EL-020  @ y eco / Color Option dt Color Option XG-EL-021 XG-EL-022 eo0 e y Color Option Color Option tt XG-EL-023 XG-EL-024 Color | Color white / grey i ee Color lack Gray Blue ee 4 <  ® 4 ee Color Option it Color Option,needs_review
XG-EL-024,Electronics,28,XG-EL-024,,,,,,,,hie  f  |  f  \ XG-EL-019 XG-EL-020  @ y eco / Color Option dt Color Option XG-EL-021 XG-EL-022 eo0 e y Color Option Color Option tt XG-EL-023 XG-EL-024 Color | Color white / grey i ee Color lack Gray Blue ee 4 <  ® 4 ee Color Option it Color Option,needs_review
XG-EL-025,Electronics,29,XG-EL-025,,,,,,,,Zz y/ & ' \ \. — EN XG-EL-025 XG-EL-026 ° / eee Color Option di Color Option e e J ff Color Option Color Option uf XG-EL-029 XG-EL-030 ® ee Color Option lt Color Option,needs_review
XG-EL-026,Electronics,29,XG-EL-026,,,,,,,,Zz y/ & ' \ \. — EN XG-EL-025 XG-EL-026 ° / eee Color Option di Color Option e e J ff Color Option Color Option uf XG-EL-029 XG-EL-030 ® ee Color Option lt Color Option,needs_review
XG-EL-029,Electronics,29,XG-EL-029,,,,,,,,Zz y/ & ' \ \. — EN XG-EL-025 XG-EL-026 ° / eee Color Option di Color Option e e J ff Color Option Color Option uf XG-EL-029 XG-EL-030 ® ee Color Option lt Color Option,needs_review
XG-EL-030,Electronics,29,XG-EL-030,,,,,,,,Zz y/ & ' \ \. — EN XG-EL-025 XG-EL-026 ° / eee Color Option di Color Option e e J ff Color Option Color Option uf XG-EL-029 XG-EL-030 ® ee Color Option lt Color Option,needs_review
XG-EL-031,Electronics,30,XG-EL-031,,,,,,,,V7? f | { 1 XG-EL-031 XG-EL-032 Material : Bamboo led digital clock < : : aay fil fo o| ] e == / eee out Color Option yr Color Option XG-EL-033 i XG-EL-034 v v eo” e y Color Option Color Option oi y XG-EL-035 a XG-EL-036 I i be G) ® UU _ eo : Color Option y Color Option,needs_review
XG-EL-032,Electronics,30,XG-EL-032,,,,,,,,V7? f | { 1 XG-EL-031 XG-EL-032 Material : Bamboo led digital clock < : : aay fil fo o| ] e == / eee out Color Option yr Color Option XG-EL-033 i XG-EL-034 v v eo” e y Color Option Color Option oi y XG-EL-035 a XG-EL-036 I i be G) ® UU _ eo : Color Option y Color Option,needs_review
XG-EL-033,Electronics,30,XG-EL-033,,,,,,,,V7? f | { 1 XG-EL-031 XG-EL-032 Material : Bamboo led digital clock < : : aay fil fo o| ] e == / eee out Color Option yr Color Option XG-EL-033 i XG-EL-034 v v eo” e y Color Option Color Option oi y XG-EL-035 a XG-EL-036 I i be G) ® UU _ eo : Color Option y Color Option,needs_review
XG-EL-034,Electronics,30,XG-EL-034,,,,,,,,V7? f | { 1 XG-EL-031 XG-EL-032 Material : Bamboo led digital clock < : : aay fil fo o| ] e == / eee out Color Option yr Color Option XG-EL-033 i XG-EL-034 v v eo” e y Color Option Color Option oi y XG-EL-035 a XG-EL-036 I i be G) ® UU _ eo : Color Option y Color Option,needs_review
XG-EL-035,Electronics,30,XG-EL-035,,,,,,,,31 XG-EL-032 Material : Bamboo led digital clock < : : aay fil fo o| ] e == / eee out Color Option yr Color Option XG-EL-033 i XG-EL-034 v v eo” e y Color Option Color Option oi y XG-EL-035 a XG-EL-036 I i be G) ® UU _ eo : Color Option y Color Option,needs_review
XG-EL-036,Electronics,30,XG-EL-036,,,,,,,,Material : Bamboo led digital clock < : : aay fil fo o| ] e == / eee out Color Option yr Color Option XG-EL-033 i XG-EL-034 v v eo” e y Color Option Color Option oi y XG-EL-035 a XG-EL-036 I i be G) ® UU _ eo : Color Option y Color Option,needs_review
XG-EL-037,Electronics,31,XG-EL-037,,,,,,,,"SE : 4 & i \ XG-EL-037 XG-EL-038 _— ce, a) oo sccoaythe e y eee Color Option y Color Option XG-EL-039 XG-EL-040 eco ece 7 Color Option Color Option di XG-EL-041 XG-EL-042 enim OBO | am 19% fon, 10 94 00+ am i e ee Color Option y Color Option",needs_review
XG-EL-038,Electronics,31,XG-EL-038,,,,,,,,"SE : 4 & i \ XG-EL-037 XG-EL-038 _— ce, a) oo sccoaythe e y eee Color Option y Color Option XG-EL-039 XG-EL-040 eco ece 7 Color Option Color Option di XG-EL-041 XG-EL-042 enim OBO | am 19% fon, 10 94 00+ am i e ee Color Option y Color Option",needs_review
XG-EL-039,Electronics,31,XG-EL-039,,,,,,,,"SE : 4 & i \ XG-EL-037 XG-EL-038 _— ce, a) oo sccoaythe e y eee Color Option y Color Option XG-EL-039 XG-EL-040 eco ece 7 Color Option Color Option di XG-EL-041 XG-EL-042 enim OBO | am 19% fon, 10 94 00+ am i e ee Color Option y Color Option",needs_review
XG-EL-040,Electronics,31,XG-EL-040,,,,,,,,"SE : 4 & i \ XG-EL-037 XG-EL-038 _— ce, a) oo sccoaythe e y eee Color Option y Color Option XG-EL-039 XG-EL-040 eco ece 7 Color Option Color Option di XG-EL-041 XG-EL-042 enim OBO | am 19% fon, 10 94 00+ am i e ee Color Option y Color Option",needs_review
XG-EL-041,Electronics,31,XG-EL-041,,,,,,,,"SE : 4 & i \ XG-EL-037 XG-EL-038 _— ce, a) oo sccoaythe e y eee Color Option y Color Option XG-EL-039 XG-EL-040 eco ece 7 Color Option Color Option di XG-EL-041 XG-EL-042 enim OBO | am 19% fon, 10 94 00+ am i e ee Color Option y Color Option",needs_review
XG-EL-042,Electronics,31,XG-EL-042,,,,,,,,"SE : 4 & i \ XG-EL-037 XG-EL-038 _— ce, a) oo sccoaythe e y eee Color Option y Color Option XG-EL-039 XG-EL-040 eco ece 7 Color Option Color Option di XG-EL-041 XG-EL-042 enim OBO | am 19% fon, 10 94 00+ am i e ee Color Option y Color Option",needs_review
XG-EL-043,Electronics,32,XG-EL-043,,,,,,,,\MUDHRA’ ELECTRONICS XG-EL-043 XG-EL-044 Color Option Color Option,needs_review
XG-EL-044,Electronics,32,XG-EL-044,,,,,,,,\MUDHRA’ ELECTRONICS XG-EL-043 XG-EL-044 Color Option Color Option,needs_review
XG-GS-002,Gift Sets,50,XG- GS- 002,,,,,,,,XG - GS: 001 XG- GS- 002 eco <) ece m y Color Option ft Color Option XG - GS- 003 XG- GS-04 ‘Metal Ball Pen ‘Metol Ball Pen 4 | \ y eo eee = Color Option Color Option XG- GS- 005 XG- GS- 006 y eoe { @00e Color Option A Color Option,needs_review
XG-GS-003,Gift Sets,50,XG - GS- 003,,,,,,,,XG - GS: 001 XG- GS- 002 eco <) ece m y Color Option ft Color Option XG - GS- 003 XG- GS-04 ‘Metal Ball Pen ‘Metol Ball Pen 4 | \ y eo eee = Color Option Color Option XG- GS- 005 XG- GS- 006 y eoe { @00e Color Option A Color Option,needs_review
XG-GS-005,Gift Sets,50,XG- GS- 005,,,,,,,,XG - GS: 001 XG- GS- 002 eco <) ece m y Color Option ft Color Option XG - GS- 003 XG- GS-04 ‘Metal Ball Pen ‘Metol Ball Pen 4 | \ y eo eee = Color Option Color Option XG- GS- 005 XG- GS- 006 y eoe { @00e Color Option A Color Option,needs_review
XG-GS-006,Gift Sets,50,XG- GS- 006,,,,,,,,XG - GS: 001 XG- GS- 002 eco <) ece m y Color Option ft Color Option XG - GS- 003 XG- GS-04 ‘Metal Ball Pen ‘Metol Ball Pen 4 | \ y eo eee = Color Option Color Option XG- GS- 005 XG- GS- 006 y eoe { @00e Color Option A Color Option,needs_review
XG-GS-007,Gift Sets,51,XG - GS- 007,,,,,,,,XG - GS- 007 XG - GS- 008 Vc Card holder = ‘Ve Card holder eee y eee y Color Option ft Color Option XG - GS- 009 XG - GS- 010 Metal Ball Pen Metal Ball Pen > ) | Ly eee eee y Color Option Color Option oa —— XG- GS- 011 XG- GS- 012 y eee A eee Color Option _ AA Color Option,needs_review
XG-GS-008,Gift Sets,51,XG - GS- 008,,,,,,,,XG - GS- 007 XG - GS- 008 Vc Card holder = ‘Ve Card holder eee y eee y Color Option ft Color Option XG - GS- 009 XG - GS- 010 Metal Ball Pen Metal Ball Pen > ) | Ly eee eee y Color Option Color Option oa —— XG- GS- 011 XG- GS- 012 y eee A eee Color Option _ AA Color Option,needs_review
XG-GS-009,Gift Sets,51,XG - GS- 009,,,,,,,,XG - GS- 007 XG - GS- 008 Vc Card holder = ‘Ve Card holder eee y eee y Color Option ft Color Option XG - GS- 009 XG - GS- 010 Metal Ball Pen Metal Ball Pen > ) | Ly eee eee y Color Option Color Option oa —— XG- GS- 011 XG- GS- 012 y eee A eee Color Option _ AA Color Option,needs_review
XG-GS-010,Gift Sets,51,XG - GS- 010,,,,,,,,XG - GS- 007 XG - GS- 008 Vc Card holder = ‘Ve Card holder eee y eee y Color Option ft Color Option XG - GS- 009 XG - GS- 010 Metal Ball Pen Metal Ball Pen > ) | Ly eee eee y Color Option Color Option oa —— XG- GS- 011 XG- GS- 012 y eee A eee Color Option _ AA Color Option,needs_review
XG-GS-011,Gift Sets,51,XG- GS- 011,,,,,,,,c Card holder = ‘Ve Card holder eee y eee y Color Option ft Color Option XG - GS- 009 XG - GS- 010 Metal Ball Pen Metal Ball Pen > ) | Ly eee eee y Color Option Color Option oa —— XG- GS- 011 XG- GS- 012 y eee A eee Color Option _ AA Color Option,needs_review
XG-GS-012,Gift Sets,51,XG- GS- 012,,,,,,,,r = ‘Ve Card holder eee y eee y Color Option ft Color Option XG - GS- 009 XG - GS- 010 Metal Ball Pen Metal Ball Pen > ) | Ly eee eee y Color Option Color Option oa —— XG- GS- 011 XG- GS- 012 y eee A eee Color Option _ AA Color Option,needs_review
XG-GS-013,Gift Sets,52,XG- GS- 013,,,,,,,,XG- GS- 013 XG-GS- 014 eee y eee~ y Color Option A Color Option r XG- GS- 015 XG - GS- 016 eco eco i Color Option Color Option  ee —xxxE XG-GS- 017 XG- GS 018  y  eoe y ece Color Option A Color Option,needs_review
XG-GS-014,Gift Sets,52,XG-GS- 014,,,,,,,,XG- GS- 013 XG-GS- 014 eee y eee~ y Color Option A Color Option r XG- GS- 015 XG - GS- 016 eco eco i Color Option Color Option  ee —xxxE XG-GS- 017 XG- GS 018  y  eoe y ece Color Option A Color Option,needs_review
XG-GS-015,Gift Sets,52,XG- GS- 015,,,,,,,,XG- GS- 013 XG-GS- 014 eee y eee~ y Color Option A Color Option r XG- GS- 015 XG - GS- 016 eco eco i Color Option Color Option  ee —xxxE XG-GS- 017 XG- GS 018  y  eoe y ece Color Option A Color Option,needs_review
XG-GS-016,Gift Sets,52,XG - GS- 016,,,,,,,,XG- GS- 013 XG-GS- 014 eee y eee~ y Color Option A Color Option r XG- GS- 015 XG - GS- 016 eco eco i Color Option Color Option  ee —xxxE XG-GS- 017 XG- GS 018  y  eoe y ece Color Option A Color Option,needs_review
XG-GS-017,Gift Sets,52,XG-GS- 017,,,,,,,,XG- GS- 013 XG-GS- 014 eee y eee~ y Color Option A Color Option r XG- GS- 015 XG - GS- 016 eco eco i Color Option Color Option  ee —xxxE XG-GS- 017 XG- GS 018  y  eoe y ece Color Option A Color Option,needs_review
XG-GS-018,Gift Sets,52,XG- GS 018,,,,,,,,XG- GS- 013 XG-GS- 014 eee y eee~ y Color Option A Color Option r XG- GS- 015 XG - GS- 016 eco eco i Color Option Color Option  ee —xxxE XG-GS- 017 XG- GS 018  y  eoe y ece Color Option A Color Option,needs_review
XG-GS-019,Gift Sets,53,XG-GS- 019,,,,,,,,XG-GS- 019 XG - GS- 020 eco QO { eee a y Color Option ft Color Option XG - GS- 021 XG - GS- 022 | / eee eee y Color Option Color Option > y XG- GS- 023 XG- GS- 024 y ec0e {/ e0e0e Color Option dt Color Option,needs_review
XG-GS-020,Gift Sets,53,XG - GS- 020,,,,,,,,XG-GS- 019 XG - GS- 020 eco QO { eee a y Color Option ft Color Option XG - GS- 021 XG - GS- 022 | / eee eee y Color Option Color Option > y XG- GS- 023 XG- GS- 024 y ec0e {/ e0e0e Color Option dt Color Option,needs_review
XG-GS-021,Gift Sets,53,XG - GS- 021,,,,,,,,XG-GS- 019 XG - GS- 020 eco QO { eee a y Color Option ft Color Option XG - GS- 021 XG - GS- 022 | / eee eee y Color Option Color Option > y XG- GS- 023 XG- GS- 024 y ec0e {/ e0e0e Color Option dt Color Option,needs_review
XG-GS-022,Gift Sets,53,XG - GS- 022,,,,,,,,XG-GS- 019 XG - GS- 020 eco QO { eee a y Color Option ft Color Option XG - GS- 021 XG - GS- 022 | / eee eee y Color Option Color Option > y XG- GS- 023 XG- GS- 024 y ec0e {/ e0e0e Color Option dt Color Option,needs_review
XG-GS-023,Gift Sets,53,XG- GS- 023,,,,,,,,XG-GS- 019 XG - GS- 020 eco QO { eee a y Color Option ft Color Option XG - GS- 021 XG - GS- 022 | / eee eee y Color Option Color Option > y XG- GS- 023 XG- GS- 024 y ec0e {/ e0e0e Color Option dt Color Option,needs_review
XG-GS-024,Gift Sets,53,XG- GS- 024,,,,,,,,XG-GS- 019 XG - GS- 020 eco QO { eee a y Color Option ft Color Option XG - GS- 021 XG - GS- 022 | / eee eee y Color Option Color Option > y XG- GS- 023 XG- GS- 024 y ec0e {/ e0e0e Color Option dt Color Option,needs_review
XG-GS-025,Gift Sets,54,XG - GS- 025,,,,,,,,XG - GS- 025 XG - GS: 026 eee | y eee =| fi Color Option = ft Color Option XG - GS: 027 XG - GS- 028.  y eee e3cee A Color Option Color Option ft XG- GS- 029 XG - GS- 030  I i =  Color Option il Color Option,needs_review
XG-GS-028,Gift Sets,54,XG - GS- 028,,,,,,,,XG - GS- 025 XG - GS: 026 eee | y eee =| fi Color Option = ft Color Option XG - GS: 027 XG - GS- 028.  y eee e3cee A Color Option Color Option ft XG- GS- 029 XG - GS- 030  I i =  Color Option il Color Option,needs_review
XG-GS-029,Gift Sets,54,XG- GS- 029,,,,,,,,XG - GS- 025 XG - GS: 026 eee | y eee =| fi Color Option = ft Color Option XG - GS: 027 XG - GS- 028.  y eee e3cee A Color Option Color Option ft XG- GS- 029 XG - GS- 030  I i =  Color Option il Color Option,needs_review
XG-GS-030,Gift Sets,54,XG - GS- 030,,,,,,,,XG - GS- 025 XG - GS: 026 eee | y eee =| fi Color Option = ft Color Option XG - GS: 027 XG - GS- 028.  y eee e3cee A Color Option Color Option ft XG- GS- 029 XG - GS- 030  I i =  Color Option il Color Option,needs_review
XG-GS-031,Gift Sets,55,XG- GS- 031,,,,,,,,"meee’*"" GIFT SET XG- GS- 031 XG - GS- 032 y aes | © A eee — y Color Option _d Color Option _ft XG - GS- 033 Wott ug \ eee 7 Color Option a",needs_review
XG-GS-032,Gift Sets,55,XG - GS- 032,,,,,,,,"meee’*"" GIFT SET XG- GS- 031 XG - GS- 032 y aes | © A eee — y Color Option _d Color Option _ft XG - GS- 033 Wott ug \ eee 7 Color Option a",needs_review
XG-GS-033,Gift Sets,55,XG - GS- 033,,,,,,,,"meee’*"" GIFT SET XG- GS- 031 XG - GS- 032 y aes | © A eee — y Color Option _d Color Option _ft XG - GS- 033 Wott ug \ eee 7 Color Option a",needs_review
XG-GS-034,Gift Sets,56,XG - GS- 034,,,,,,,,"XG - GS- 034 XG - GS- 035 Zinicinset aintoit set etal Pen Metal Pen e ee { @ ee Color Option tt Color Option XG - GS- 036 XG-GS-037 Metal Pen Metal Pen @ ee eee y Color Option Color Option _ XG - GS- 038 XG - GS- 039 Din Gift Set 2in Gift set Dairy 200 pages Dairy 200 pages etl Pen Metol pen e e , e ee Color Option _ Color Option",needs_review
XG-GS-035,Gift Sets,56,XG - GS- 035,,,,,,,,"XG - GS- 034 XG - GS- 035 Zinicinset aintoit set etal Pen Metal Pen e ee { @ ee Color Option tt Color Option XG - GS- 036 XG-GS-037 Metal Pen Metal Pen @ ee eee y Color Option Color Option _ XG - GS- 038 XG - GS- 039 Din Gift Set 2in Gift set Dairy 200 pages Dairy 200 pages etl Pen Metol pen e e , e ee Color Option _ Color Option",needs_review
XG-GS-036,Gift Sets,56,XG - GS- 036,,,,,,,,"XG - GS- 034 XG - GS- 035 Zinicinset aintoit set etal Pen Metal Pen e ee { @ ee Color Option tt Color Option XG - GS- 036 XG-GS-037 Metal Pen Metal Pen @ ee eee y Color Option Color Option _ XG - GS- 038 XG - GS- 039 Din Gift Set 2in Gift set Dairy 200 pages Dairy 200 pages etl Pen Metol pen e e , e ee Color Option _ Color Option",needs_review
XG-GS-037,Gift Sets,56,XG-GS-037,,,,,,,,"XG - GS- 034 XG - GS- 035 Zinicinset aintoit set etal Pen Metal Pen e ee { @ ee Color Option tt Color Option XG - GS- 036 XG-GS-037 Metal Pen Metal Pen @ ee eee y Color Option Color Option _ XG - GS- 038 XG - GS- 039 Din Gift Set 2in Gift set Dairy 200 pages Dairy 200 pages etl Pen Metol pen e e , e ee Color Option _ Color Option",needs_review
XG-GS-038,Gift Sets,56,XG - GS- 038,,,,,,,,"4 XG - GS- 035 Zinicinset aintoit set etal Pen Metal Pen e ee { @ ee Color Option tt Color Option XG - GS- 036 XG-GS-037 Metal Pen Metal Pen @ ee eee y Color Option Color Option _ XG - GS- 038 XG - GS- 039 Din Gift Set 2in Gift set Dairy 200 pages Dairy 200 pages etl Pen Metol pen e e , e ee Color Option _ Color Option",needs_review
XG-GS-039,Gift Sets,56,XG - GS- 039,,,,,,,,"5 Zinicinset aintoit set etal Pen Metal Pen e ee { @ ee Color Option tt Color Option XG - GS- 036 XG-GS-037 Metal Pen Metal Pen @ ee eee y Color Option Color Option _ XG - GS- 038 XG - GS- 039 Din Gift Set 2in Gift set Dairy 200 pages Dairy 200 pages etl Pen Metol pen e e , e ee Color Option _ Color Option",needs_review
XG-GS-040,Gift Sets,57,XG - GS- 040,,,,,,,,XG - GS- 040 XG - GS- 041 2intoitset = aimioitset Dairy 200 pages =| Dairy 200 pages Metal Pen SS Metal Fen e@ ee — A @. 06 y Color Option — Color Option XG - GS- 042 XG- GS- 043 2invcin set 2in it set c | | | } e ee eee y Color Option Color Option y XG - GS- 044 XG - GS- 045 Dinvoit set 2in it set otal Pen eto Pen y © ee A e ee Color Option A Color Option,needs_review
XG-GS-041,Gift Sets,57,XG - GS- 041,,,,,,,,XG - GS- 040 XG - GS- 041 2intoitset = aimioitset Dairy 200 pages =| Dairy 200 pages Metal Pen SS Metal Fen e@ ee — A @. 06 y Color Option — Color Option XG - GS- 042 XG- GS- 043 2invcin set 2in it set c | | | } e ee eee y Color Option Color Option y XG - GS- 044 XG - GS- 045 Dinvoit set 2in it set otal Pen eto Pen y © ee A e ee Color Option A Color Option,needs_review
XG-GS-042,Gift Sets,57,XG - GS- 042,,,,,,,,XG - GS- 040 XG - GS- 041 2intoitset = aimioitset Dairy 200 pages =| Dairy 200 pages Metal Pen SS Metal Fen e@ ee — A @. 06 y Color Option — Color Option XG - GS- 042 XG- GS- 043 2invcin set 2in it set c | | | } e ee eee y Color Option Color Option y XG - GS- 044 XG - GS- 045 Dinvoit set 2in it set otal Pen eto Pen y © ee A e ee Color Option A Color Option,needs_review
XG-GS-043,Gift Sets,57,XG- GS- 043,,,,,,,,XG - GS- 040 XG - GS- 041 2intoitset = aimioitset Dairy 200 pages =| Dairy 200 pages Metal Pen SS Metal Fen e@ ee — A @. 06 y Color Option — Color Option XG - GS- 042 XG- GS- 043 2invcin set 2in it set c | | | } e ee eee y Color Option Color Option y XG - GS- 044 XG - GS- 045 Dinvoit set 2in it set otal Pen eto Pen y © ee A e ee Color Option A Color Option,needs_review
XG-GS-044,Gift Sets,57,XG - GS- 044,,,,,,,,iry 200 pages Metal Pen SS Metal Fen e@ ee — A @. 06 y Color Option — Color Option XG - GS- 042 XG- GS- 043 2invcin set 2in it set c | | | } e ee eee y Color Option Color Option y XG - GS- 044 XG - GS- 045 Dinvoit set 2in it set otal Pen eto Pen y © ee A e ee Color Option A Color Option,needs_review
XG-GS-045,Gift Sets,57,XG - GS- 045,,,,,,,,Metal Pen SS Metal Fen e@ ee — A @. 06 y Color Option — Color Option XG - GS- 042 XG- GS- 043 2invcin set 2in it set c | | | } e ee eee y Color Option Color Option y XG - GS- 044 XG - GS- 045 Dinvoit set 2in it set otal Pen eto Pen y © ee A e ee Color Option A Color Option,needs_review
XG-GS-046,Gift Sets,58,XG - GS- 046,,,,,,,,/ “a  | XG - GS- 046 XG > GS: 047 aintoinset aintemset Deity 200 poges j Diy 200 pages  13 E - f  e. ee { @ 0 Color Option di Color Option XG - GS- 048 XG - GS- 039 2intoinset ainroinset e e ece y Color Option Color Option _ XG - GS- 040 XG-BT-041 e es A e@ ee Color Option _ Color Option,needs_review
XG-GS-047,Gift Sets,59,XG - GS- 047,,,,,,,,"airy 200 pogos  Weta Pen Metal Pen e@ ee { © 00  Color Option dt Color Option  XG - GS- 044 XG - GS- 045  2intoinset 2inr oi set e e ece y Color Option Color Option _ XG - GS- 046 XG - GS- 047  dinrainset dint st  tal Pen Metal Pon  e e , e ee  Color Option _ Color Option",needs_review
XG-GS-048,Gift Sets,58,XG - GS- 048,,,,,,,,/ “a  | XG - GS- 046 XG > GS: 047 aintoinset aintemset Deity 200 poges j Diy 200 pages  13 E - f  e. ee { @ 0 Color Option di Color Option XG - GS- 048 XG - GS- 039 2intoinset ainroinset e e ece y Color Option Color Option _ XG - GS- 040 XG-BT-041 e es A e@ ee Color Option _ Color Option,needs_review
XG-GS-049,Gift Sets,60,XG - GS- 049,,,,,,,,| XG - GS- 048 XG - GS- 049 2in1 Gift set a 2in1 Gift Set Dairy 200 pages Dairy 200 pogee e ee 4 00 Color Option df Color Option XG - GS- 050 XG- GS- 051 ainteitset Zinicit set Dairy 200 pages } Dairy 200 pages e e ece y Color Option Color Option _ XG - GS- 052 XG - GS- 053 e @ A e ee Color Option _ Color Option,needs_review
XG-GS-050,Gift Sets,60,XG - GS- 050,,,,,,,,| XG - GS- 048 XG - GS- 049 2in1 Gift set a 2in1 Gift Set Dairy 200 pages Dairy 200 pogee e ee 4 00 Color Option df Color Option XG - GS- 050 XG- GS- 051 ainteitset Zinicit set Dairy 200 pages } Dairy 200 pages e e ece y Color Option Color Option _ XG - GS- 052 XG - GS- 053 e @ A e ee Color Option _ Color Option,needs_review
XG-GS-051,Gift Sets,60,XG- GS- 051,,,,,,,,| XG - GS- 048 XG - GS- 049 2in1 Gift set a 2in1 Gift Set Dairy 200 pages Dairy 200 pogee e ee 4 00 Color Option df Color Option XG - GS- 050 XG- GS- 051 ainteitset Zinicit set Dairy 200 pages } Dairy 200 pages e e ece y Color Option Color Option _ XG - GS- 052 XG - GS- 053 e @ A e ee Color Option _ Color Option,needs_review
XG-GS-052,Gift Sets,60,XG - GS- 052,,,,,,,,ages Dairy 200 pogee e ee 4 00 Color Option df Color Option XG - GS- 050 XG- GS- 051 ainteitset Zinicit set Dairy 200 pages } Dairy 200 pages e e ece y Color Option Color Option _ XG - GS- 052 XG - GS- 053 e @ A e ee Color Option _ Color Option,needs_review
XG-GS-053,Gift Sets,60,XG - GS- 053,,,,,,,,0 pogee e ee 4 00 Color Option df Color Option XG - GS- 050 XG- GS- 051 ainteitset Zinicit set Dairy 200 pages } Dairy 200 pages e e ece y Color Option Color Option _ XG - GS- 052 XG - GS- 053 e @ A e ee Color Option _ Color Option,needs_review
XG-GS-054,Gift Sets,61,XG - GS- 054,,,,,,,,"y —  /  | XG - GS- 054 XG - GS: 055 aint ain set ainroitset Metal Pe etalon eee 4 @ 66 Color Option _ Color Option XG - GS- 056 XG - GS- 057 aintoinset inion set © e ece y Color Option Color Option y XG - GS- 058 XG-GS-059 dintcinset dinvoin set Dairy 200 pages { Dairy 200 pages |  1  e e , e ee Color Option tt Color Option",needs_review
XG-GS-056,Gift Sets,61,XG - GS- 056,,,,,,,,"y —  /  | XG - GS- 054 XG - GS: 055 aint ain set ainroitset Metal Pe etalon eee 4 @ 66 Color Option _ Color Option XG - GS- 056 XG - GS- 057 aintoinset inion set © e ece y Color Option Color Option y XG - GS- 058 XG-GS-059 dintcinset dinvoin set Dairy 200 pages { Dairy 200 pages |  1  e e , e ee Color Option tt Color Option",needs_review
XG-GS-057,Gift Sets,61,XG - GS- 057,,,,,,,,"y —  /  | XG - GS- 054 XG - GS: 055 aint ain set ainroitset Metal Pe etalon eee 4 @ 66 Color Option _ Color Option XG - GS- 056 XG - GS- 057 aintoinset inion set © e ece y Color Option Color Option y XG - GS- 058 XG-GS-059 dintcinset dinvoin set Dairy 200 pages { Dairy 200 pages |  1  e e , e ee Color Option tt Color Option",needs_review
XG-GS-058,Gift Sets,61,XG - GS- 058,,,,,,,,"54 XG - GS: 055 aint ain set ainroitset Metal Pe etalon eee 4 @ 66 Color Option _ Color Option XG - GS- 056 XG - GS- 057 aintoinset inion set © e ece y Color Option Color Option y XG - GS- 058 XG-GS-059 dintcinset dinvoin set Dairy 200 pages { Dairy 200 pages |  1  e e , e ee Color Option tt Color Option",needs_review
XG-GS-059,Gift Sets,61,XG-GS-059,,,,,,,,"55 aint ain set ainroitset Metal Pe etalon eee 4 @ 66 Color Option _ Color Option XG - GS- 056 XG - GS- 057 aintoinset inion set © e ece y Color Option Color Option y XG - GS- 058 XG-GS-059 dintcinset dinvoin set Dairy 200 pages { Dairy 200 pages |  1  e e , e ee Color Option tt Color Option",needs_review
XG-GS-062,Gift Sets,62,XG-GS-062,,,,,,,,"V/ _ | XG - GS: 060 XG°GS-061 2in} oi sot =H 2in eit set fi ee ~ An evee, = Color Option A Color Option XG-GS-062 XG - GS: 063 eee eee y Color Option Color Option yr XG - GS- 064 XG-GS-065 e e@ y e@ ee Color Option _-“~ Color Option",needs_review
XG-GS-064,Gift Sets,62,XG - GS- 064,,,,,,,,"V/ _ | XG - GS: 060 XG°GS-061 2in} oi sot =H 2in eit set fi ee ~ An evee, = Color Option A Color Option XG-GS-062 XG - GS: 063 eee eee y Color Option Color Option yr XG - GS- 064 XG-GS-065 e e@ y e@ ee Color Option _-“~ Color Option",needs_review
XG-GS-065,Gift Sets,62,XG-GS-065,,,,,,,,"V/ _ | XG - GS: 060 XG°GS-061 2in} oi sot =H 2in eit set fi ee ~ An evee, = Color Option A Color Option XG-GS-062 XG - GS: 063 eee eee y Color Option Color Option yr XG - GS- 064 XG-GS-065 e e@ y e@ ee Color Option _-“~ Color Option",needs_review
XG-GS-068,Gift Sets,63,XG - GS- 068,,,,,,,,y _— | | XG - GS: 066 XG - GS: 067 Metal Pen i] ©. 0 f e008 Color Option A Color Option XG - GS- 068 XG - GS- 069 e e@ eee y Color Option Color Option y XG - GS- 070 XG - GS: 071 eee y @ 00 Color Option a ¢ Color Option.,needs_review
XG-GS-069,Gift Sets,63,XG - GS- 069,,,,,,,,y _— | | XG - GS: 066 XG - GS: 067 Metal Pen i] ©. 0 f e008 Color Option A Color Option XG - GS- 068 XG - GS- 069 e e@ eee y Color Option Color Option y XG - GS- 070 XG - GS: 071 eee y @ 00 Color Option a ¢ Color Option.,needs_review
XG-GS-070,Gift Sets,63,XG - GS- 070,,,,,,,,y _— | | XG - GS: 066 XG - GS: 067 Metal Pen i] ©. 0 f e008 Color Option A Color Option XG - GS- 068 XG - GS- 069 e e@ eee y Color Option Color Option y XG - GS- 070 XG - GS: 071 eee y @ 00 Color Option a ¢ Color Option.,needs_review
XG-GS-072,Gift Sets,64,XG- GS- 072,,,,,,,,| MUDHRA|| 2 IN 1 XG- GS- 072 XG GS: 073 Dairy 200 pages } Dairy 200 pages | e ee @ ee Color Option: Color Option,needs_review
XG-GS-074,Gift Sets,65,XG - GS- 074,,,,,,,,"XG - GS- 074 XG - GS- 075 eco y e0e y Color Option ft Color Option XG - GS: 076, XG - GS 077  ] eee eee 4 Color Option Color Option > df XG- GS- 078 XG- GS- 079 eco y eco Color Option il Color Option",needs_review
XG-GS-075,Gift Sets,65,XG - GS- 075,,,,,,,,"XG - GS- 074 XG - GS- 075 eco y e0e y Color Option ft Color Option XG - GS: 076, XG - GS 077  ] eee eee 4 Color Option Color Option > df XG- GS- 078 XG- GS- 079 eco y eco Color Option il Color Option",needs_review
XG-GS-077,Gift Sets,65,XG - GS 077,,,,,,,,"XG - GS- 074 XG - GS- 075 eco y e0e y Color Option ft Color Option XG - GS: 076, XG - GS 077  ] eee eee 4 Color Option Color Option > df XG- GS- 078 XG- GS- 079 eco y eco Color Option il Color Option",needs_review
XG-GS-078,Gift Sets,65,XG- GS- 078,,,,,,,,"XG - GS- 074 XG - GS- 075 eco y e0e y Color Option ft Color Option XG - GS: 076, XG - GS 077  ] eee eee 4 Color Option Color Option > df XG- GS- 078 XG- GS- 079 eco y eco Color Option il Color Option",needs_review
XG-GS-079,Gift Sets,65,XG- GS- 079,,,,,,,,"XG - GS- 074 XG - GS- 075 eco y e0e y Color Option ft Color Option XG - GS: 076, XG - GS 077  ] eee eee 4 Color Option Color Option > df XG- GS- 078 XG- GS- 079 eco y eco Color Option il Color Option",needs_review
XG-GS-083,Gift Sets,66,XG - GS- 083,,,,,,,,XG - GS: 080. XG - GS: 081 eco { eee y Color Option ft Color Option XG - GS: 082 XG - GS- 083 |  / eee eee y Color Option Color Option - y XG- GS- 084 XG- GS- 085  y  eoe y ece Color Option dt Color Option,needs_review
XG-GS-084,Gift Sets,66,XG- GS- 084,,,,,,,,XG - GS: 080. XG - GS: 081 eco { eee y Color Option ft Color Option XG - GS: 082 XG - GS- 083 |  / eee eee y Color Option Color Option - y XG- GS- 084 XG- GS- 085  y  eoe y ece Color Option dt Color Option,needs_review
XG-GS-085,Gift Sets,66,XG- GS- 085,,,,,,,,XG - GS: 080. XG - GS: 081 eco { eee y Color Option ft Color Option XG - GS: 082 XG - GS- 083 |  / eee eee y Color Option Color Option - y XG- GS- 084 XG- GS- 085  y  eoe y ece Color Option dt Color Option,needs_review
XG-GS-086,Gift Sets,67,XG - GS- 086,,,,,,,,ll —_~ XG - GS- 086 XG - GS- 087 e @ A @ e Color Option _“ Color Option XG - GS- 088 XG - GS- 089 a2) | y  e e@ eee y f Color Option Color Option _ XG - GS- 090 XG - GS- 091  re y 6: e e A e ee Color Option _f Color Option,needs_review
XG-GS-087,Gift Sets,67,XG - GS- 087,,,,,,,,ll —_~ XG - GS- 086 XG - GS- 087 e @ A @ e Color Option _“ Color Option XG - GS- 088 XG - GS- 089 a2) | y  e e@ eee y f Color Option Color Option _ XG - GS- 090 XG - GS- 091  re y 6: e e A e ee Color Option _f Color Option,needs_review
XG-GS-088,Gift Sets,67,XG - GS- 088,,,,,,,,ll —_~ XG - GS- 086 XG - GS- 087 e @ A @ e Color Option _“ Color Option XG - GS- 088 XG - GS- 089 a2) | y  e e@ eee y f Color Option Color Option _ XG - GS- 090 XG - GS- 091  re y 6: e e A e ee Color Option _f Color Option,needs_review
XG-GS-089,Gift Sets,67,XG - GS- 089,,,,,,,,ll —_~ XG - GS- 086 XG - GS- 087 e @ A @ e Color Option _“ Color Option XG - GS- 088 XG - GS- 089 a2) | y  e e@ eee y f Color Option Color Option _ XG - GS- 090 XG - GS- 091  re y 6: e e A e ee Color Option _f Color Option,needs_review
XG-GS-090,Gift Sets,67,XG - GS- 090,,,,,,,,ll —_~ XG - GS- 086 XG - GS- 087 e @ A @ e Color Option _“ Color Option XG - GS- 088 XG - GS- 089 a2) | y  e e@ eee y f Color Option Color Option _ XG - GS- 090 XG - GS- 091  re y 6: e e A e ee Color Option _f Color Option,needs_review
XG-GS-091,Gift Sets,67,XG - GS- 091,,,,,,,,ll —_~ XG - GS- 086 XG - GS- 087 e @ A @ e Color Option _“ Color Option XG - GS- 088 XG - GS- 089 a2) | y  e e@ eee y f Color Option Color Option _ XG - GS- 090 XG - GS- 091  re y 6: e e A e ee Color Option _f Color Option,needs_review
XG-GS-092,Gift Sets,68,XG - GS- 092,,,,,,,,ll —_~ XG - GS- 092 XG - GS- 093 e @ / @ e Color Option yy Color Option XG - GS- 094 XG - GS- 095 e e6 ooe A Color Option Color Option _ XG - GS- 096 XG - GS- 097 Cen.) { eee Color Option. Mt Color Option,needs_review
XG-GS-093,Gift Sets,68,XG - GS- 093,,,,,,,,ll —_~ XG - GS- 092 XG - GS- 093 e @ / @ e Color Option yy Color Option XG - GS- 094 XG - GS- 095 e e6 ooe A Color Option Color Option _ XG - GS- 096 XG - GS- 097 Cen.) { eee Color Option. Mt Color Option,needs_review
XG-GS-094,Gift Sets,68,XG - GS- 094,,,,,,,,ll —_~ XG - GS- 092 XG - GS- 093 e @ / @ e Color Option yy Color Option XG - GS- 094 XG - GS- 095 e e6 ooe A Color Option Color Option _ XG - GS- 096 XG - GS- 097 Cen.) { eee Color Option. Mt Color Option,needs_review
XG-GS-095,Gift Sets,68,XG - GS- 095,,,,,,,,ll —_~ XG - GS- 092 XG - GS- 093 e @ / @ e Color Option yy Color Option XG - GS- 094 XG - GS- 095 e e6 ooe A Color Option Color Option _ XG - GS- 096 XG - GS- 097 Cen.) { eee Color Option. Mt Color Option,needs_review
XG-GS-096,Gift Sets,68,XG - GS- 096,,,,,,,,ll —_~ XG - GS- 092 XG - GS- 093 e @ / @ e Color Option yy Color Option XG - GS- 094 XG - GS- 095 e e6 ooe A Color Option Color Option _ XG - GS- 096 XG - GS- 097 Cen.) { eee Color Option. Mt Color Option,needs_review
XG-GS-097,Gift Sets,68,XG - GS- 097,,,,,,,,ll —_~ XG - GS- 092 XG - GS- 093 e @ / @ e Color Option yy Color Option XG - GS- 094 XG - GS- 095 e e6 ooe A Color Option Color Option _ XG - GS- 096 XG - GS- 097 Cen.) { eee Color Option. Mt Color Option,needs_review
XG-GS-098,Gift Sets,69,XG - GS- 098,,,,,,,,"fll —_~  XG - GS- 098 XG - GS- 099  8 5 } e @ y e e Color Option yr Color Option XG - GS- 100 XG-GS- 101  r | |, t | e 0 ec3e : A Color Option Color Option di XG - GS- 102 XG - GS- 103 | e e | y e ee Color Option. Mt Color Option",needs_review
XG-GS-099,Gift Sets,69,XG - GS- 099,,,,,,,,"fll —_~  XG - GS- 098 XG - GS- 099  8 5 } e @ y e e Color Option yr Color Option XG - GS- 100 XG-GS- 101  r | |, t | e 0 ec3e : A Color Option Color Option di XG - GS- 102 XG - GS- 103 | e e | y e ee Color Option. Mt Color Option",needs_review
XG-GS-100,Gift Sets,69,XG - GS- 100,,,,,,,,"fll —_~  XG - GS- 098 XG - GS- 099  8 5 } e @ y e e Color Option yr Color Option XG - GS- 100 XG-GS- 101  r | |, t | e 0 ec3e : A Color Option Color Option di XG - GS- 102 XG - GS- 103 | e e | y e ee Color Option. Mt Color Option",needs_review
XG-GS-101,Gift Sets,69,XG-GS- 101,,,,,,,,"fll —_~  XG - GS- 098 XG - GS- 099  8 5 } e @ y e e Color Option yr Color Option XG - GS- 100 XG-GS- 101  r | |, t | e 0 ec3e : A Color Option Color Option di XG - GS- 102 XG - GS- 103 | e e | y e ee Color Option. Mt Color Option",needs_review
XG-GS-102,Gift Sets,69,XG - GS- 102,,,,,,,,"fll —_~  XG - GS- 098 XG - GS- 099  8 5 } e @ y e e Color Option yr Color Option XG - GS- 100 XG-GS- 101  r | |, t | e 0 ec3e : A Color Option Color Option di XG - GS- 102 XG - GS- 103 | e e | y e ee Color Option. Mt Color Option",needs_review
XG-GS-103,Gift Sets,69,XG - GS- 103,,,,,,,,"fll —_~  XG - GS- 098 XG - GS- 099  8 5 } e @ y e e Color Option yr Color Option XG - GS- 100 XG-GS- 101  r | |, t | e 0 ec3e : A Color Option Color Option di XG - GS- 102 XG - GS- 103 | e e | y e ee Color Option. Mt Color Option",needs_review
XG-GS-104,Gift Sets,70,XG-GS- 104,,,,,,,,fll —_~ XG-GS- 104 XG- GS- 105 Color Option _ Color Option XG-GS- 106 XG - GS- 107 e ee eco y Color Option Color Option _ ft XG-GS- 108 XG- GS- 109 e_ 06 | 4 e066 r Color Option. i Color Option,needs_review
XG-GS-105,Gift Sets,70,XG- GS- 105,,,,,,,,fll —_~ XG-GS- 104 XG- GS- 105 Color Option _ Color Option XG-GS- 106 XG - GS- 107 e ee eco y Color Option Color Option _ ft XG-GS- 108 XG- GS- 109 e_ 06 | 4 e066 r Color Option. i Color Option,needs_review
XG-GS-106,Gift Sets,70,XG-GS- 106,,,,,,,,fll —_~ XG-GS- 104 XG- GS- 105 Color Option _ Color Option XG-GS- 106 XG - GS- 107 e ee eco y Color Option Color Option _ ft XG-GS- 108 XG- GS- 109 e_ 06 | 4 e066 r Color Option. i Color Option,needs_review
XG-GS-107,Gift Sets,70,XG - GS- 107,,,,,,,,fll —_~ XG-GS- 104 XG- GS- 105 Color Option _ Color Option XG-GS- 106 XG - GS- 107 e ee eco y Color Option Color Option _ ft XG-GS- 108 XG- GS- 109 e_ 06 | 4 e066 r Color Option. i Color Option,needs_review
XG-GS-108,Gift Sets,70,XG-GS- 108,,,,,,,,fll —_~ XG-GS- 104 XG- GS- 105 Color Option _ Color Option XG-GS- 106 XG - GS- 107 e ee eco y Color Option Color Option _ ft XG-GS- 108 XG- GS- 109 e_ 06 | 4 e066 r Color Option. i Color Option,needs_review
XG-GS-109,Gift Sets,70,XG- GS- 109,,,,,,,,fll —_~ XG-GS- 104 XG- GS- 105 Color Option _ Color Option XG-GS- 106 XG - GS- 107 e ee eco y Color Option Color Option _ ft XG-GS- 108 XG- GS- 109 e_ 06 | 4 e066 r Color Option. i Color Option,needs_review
XG-GS-110,Gift Sets,71,XG- GS- 110,,,,,,,,ys {  XG- GS- 110 XG-GS- 111  e @ A e rc)  Color Option dt Color Option  XG - GS- 112 XG- GS- 113  e e ece y Color Option Color Option ff f XG-GS- 114 XG - GS- 115  e e 4 eee  Color Option i Color Option,needs_review
XG-GS-111,Gift Sets,71,XG-GS- 111,,,,,,,,ys {  XG- GS- 110 XG-GS- 111  e @ A e rc)  Color Option dt Color Option  XG - GS- 112 XG- GS- 113  e e ece y Color Option Color Option ff f XG-GS- 114 XG - GS- 115  e e 4 eee  Color Option i Color Option,needs_review
XG-GS-112,Gift Sets,71,XG - GS- 112,,,,,,,,ys {  XG- GS- 110 XG-GS- 111  e @ A e rc)  Color Option dt Color Option  XG - GS- 112 XG- GS- 113  e e ece y Color Option Color Option ff f XG-GS- 114 XG - GS- 115  e e 4 eee  Color Option i Color Option,needs_review
XG-GS-113,Gift Sets,71,XG- GS- 113,,,,,,,,ys {  XG- GS- 110 XG-GS- 111  e @ A e rc)  Color Option dt Color Option  XG - GS- 112 XG- GS- 113  e e ece y Color Option Color Option ff f XG-GS- 114 XG - GS- 115  e e 4 eee  Color Option i Color Option,needs_review
XG-GS-114,Gift Sets,71,XG-GS- 114,,,,,,,,ys {  XG- GS- 110 XG-GS- 111  e @ A e rc)  Color Option dt Color Option  XG - GS- 112 XG- GS- 113  e e ece y Color Option Color Option ff f XG-GS- 114 XG - GS- 115  e e 4 eee  Color Option i Color Option,needs_review
XG-GS-115,Gift Sets,71,XG - GS- 115,,,,,,,,ys {  XG- GS- 110 XG-GS- 111  e @ A e rc)  Color Option dt Color Option  XG - GS- 112 XG- GS- 113  e e ece y Color Option Color Option ff f XG-GS- 114 XG - GS- 115  e e 4 eee  Color Option i Color Option,needs_review
XG-GS-116,Gift Sets,72,XG -GS- 116,,,,,,,,"fll —_~ XG -GS- 116 XG- GS- 117 Color Option _ Color Option XG -GS- 118 XG - GS- 119, e e ay il y Color Option Color Option _ ft XG - GS- 120 XG - GS- 121 inna <P sini sot rf | Ee e_ 06 4 eee Color Option. Mt Color Option",needs_review
XG-GS-117,Gift Sets,72,XG- GS- 117,,,,,,,,"fll —_~ XG -GS- 116 XG- GS- 117 Color Option _ Color Option XG -GS- 118 XG - GS- 119, e e ay il y Color Option Color Option _ ft XG - GS- 120 XG - GS- 121 inna <P sini sot rf | Ee e_ 06 4 eee Color Option. Mt Color Option",needs_review
XG-GS-118,Gift Sets,72,XG -GS- 118,,,,,,,,"fll —_~ XG -GS- 116 XG- GS- 117 Color Option _ Color Option XG -GS- 118 XG - GS- 119, e e ay il y Color Option Color Option _ ft XG - GS- 120 XG - GS- 121 inna <P sini sot rf | Ee e_ 06 4 eee Color Option. Mt Color Option",needs_review
XG-GS-119,Gift Sets,72,XG - GS- 119,,,,,,,,"fll —_~ XG -GS- 116 XG- GS- 117 Color Option _ Color Option XG -GS- 118 XG - GS- 119, e e ay il y Color Option Color Option _ ft XG - GS- 120 XG - GS- 121 inna <P sini sot rf | Ee e_ 06 4 eee Color Option. Mt Color Option",needs_review
XG-GS-120,Gift Sets,72,XG - GS- 120,,,,,,,,"fll —_~ XG -GS- 116 XG- GS- 117 Color Option _ Color Option XG -GS- 118 XG - GS- 119, e e ay il y Color Option Color Option _ ft XG - GS- 120 XG - GS- 121 inna <P sini sot rf | Ee e_ 06 4 eee Color Option. Mt Color Option",needs_review
XG-GS-121,Gift Sets,72,XG - GS- 121,,,,,,,,"fll —_~ XG -GS- 116 XG- GS- 117 Color Option _ Color Option XG -GS- 118 XG - GS- 119, e e ay il y Color Option Color Option _ ft XG - GS- 120 XG - GS- 121 inna <P sini sot rf | Ee e_ 06 4 eee Color Option. Mt Color Option",needs_review
XG-GS-122,Gift Sets,73,XG - GS- 122,,,,,,,,XG - GS- 122 XG-BT-123 ]  e @ i / @ e f  Color Option _“ Color Option  XG - GS- 124 XG- GS- 125 ia :  i  e @ . A  Color Option Color Option _d  XG - GS- 126 XG - GS- 127  e {2 y  Color Option P y Color Option,needs_review
XG-BT-123,Gift Sets,73,XG-BT-123,,,,,,,,XG - GS- 122 XG-BT-123 ]  e @ i / @ e f  Color Option _“ Color Option  XG - GS- 124 XG- GS- 125 ia :  i  e @ . A  Color Option Color Option _d  XG - GS- 126 XG - GS- 127  e {2 y  Color Option P y Color Option,needs_review
XG-GS-124,Gift Sets,73,XG - GS- 124,,,,,,,,XG - GS- 122 XG-BT-123 ]  e @ i / @ e f  Color Option _“ Color Option  XG - GS- 124 XG- GS- 125 ia :  i  e @ . A  Color Option Color Option _d  XG - GS- 126 XG - GS- 127  e {2 y  Color Option P y Color Option,needs_review
XG-GS-125,Gift Sets,73,XG- GS- 125,,,,,,,,XG - GS- 122 XG-BT-123 ]  e @ i / @ e f  Color Option _“ Color Option  XG - GS- 124 XG- GS- 125 ia :  i  e @ . A  Color Option Color Option _d  XG - GS- 126 XG - GS- 127  e {2 y  Color Option P y Color Option,needs_review
XG-GS-126,Gift Sets,73,XG - GS- 126,,,,,,,,XG - GS- 122 XG-BT-123 ]  e @ i / @ e f  Color Option _“ Color Option  XG - GS- 124 XG- GS- 125 ia :  i  e @ . A  Color Option Color Option _d  XG - GS- 126 XG - GS- 127  e {2 y  Color Option P y Color Option,needs_review
XG-GS-127,Gift Sets,73,XG - GS- 127,,,,,,,,XG - GS- 122 XG-BT-123 ]  e @ i / @ e f  Color Option _“ Color Option  XG - GS- 124 XG- GS- 125 ia :  i  e @ . A  Color Option Color Option _d  XG - GS- 126 XG - GS- 127  e {2 y  Color Option P y Color Option,needs_review
XG-GS-128,Gift Sets,74,XG - GS- 128,,,,,,,,KEE ——  f XG - GS- 128 XG- GS- 129 Color Option _ Color Option XG - GS- 130 XG - GS- 131 e fs eoe Gy y Color Option Color Option dl f XG - GS- 132 XG-GS-133 Color Option. i Color Option,needs_review
XG-GS-129,Gift Sets,74,XG- GS- 129,,,,,,,,KEE ——  f XG - GS- 128 XG- GS- 129 Color Option _ Color Option XG - GS- 130 XG - GS- 131 e fs eoe Gy y Color Option Color Option dl f XG - GS- 132 XG-GS-133 Color Option. i Color Option,needs_review
XG-GS-130,Gift Sets,74,XG - GS- 130,,,,,,,,KEE ——  f XG - GS- 128 XG- GS- 129 Color Option _ Color Option XG - GS- 130 XG - GS- 131 e fs eoe Gy y Color Option Color Option dl f XG - GS- 132 XG-GS-133 Color Option. i Color Option,needs_review
XG-GS-131,Gift Sets,74,XG - GS- 131,,,,,,,,KEE ——  f XG - GS- 128 XG- GS- 129 Color Option _ Color Option XG - GS- 130 XG - GS- 131 e fs eoe Gy y Color Option Color Option dl f XG - GS- 132 XG-GS-133 Color Option. i Color Option,needs_review
XG-GS-132,Gift Sets,74,XG - GS- 132,,,,,,,,KEE ——  f XG - GS- 128 XG- GS- 129 Color Option _ Color Option XG - GS- 130 XG - GS- 131 e fs eoe Gy y Color Option Color Option dl f XG - GS- 132 XG-GS-133 Color Option. i Color Option,needs_review
XG-GS-133,Gift Sets,74,XG-GS-133,,,,,,,,KEE ——  f XG - GS- 128 XG- GS- 129 Color Option _ Color Option XG - GS- 130 XG - GS- 131 e fs eoe Gy y Color Option Color Option dl f XG - GS- 132 XG-GS-133 Color Option. i Color Option,needs_review
XG-GS-134,Gift Sets,75,XG-GS-134,,,,,,,,lla  XG-GS-134 XG-GS-135  a J ° \ — | e ; e > = Color Option _ Color Option  XG-GS-136 XG-GS-137 e e@ cece A Color Option Color Option af XG-GS-138 XG-GS-139 Cen.) @) e ee (o Color Option dt Color Option,needs_review
XG-GS-135,Gift Sets,75,XG-GS-135,,,,,,,,lla  XG-GS-134 XG-GS-135  a J ° \ — | e ; e > = Color Option _ Color Option  XG-GS-136 XG-GS-137 e e@ cece A Color Option Color Option af XG-GS-138 XG-GS-139 Cen.) @) e ee (o Color Option dt Color Option,needs_review
XG-GS-136,Gift Sets,75,XG-GS-136,,,,,,,,lla  XG-GS-134 XG-GS-135  a J ° \ — | e ; e > = Color Option _ Color Option  XG-GS-136 XG-GS-137 e e@ cece A Color Option Color Option af XG-GS-138 XG-GS-139 Cen.) @) e ee (o Color Option dt Color Option,needs_review
XG-GS-137,Gift Sets,75,XG-GS-137,,,,,,,,lla  XG-GS-134 XG-GS-135  a J ° \ — | e ; e > = Color Option _ Color Option  XG-GS-136 XG-GS-137 e e@ cece A Color Option Color Option af XG-GS-138 XG-GS-139 Cen.) @) e ee (o Color Option dt Color Option,needs_review
XG-GS-138,Gift Sets,75,XG-GS-138,,,,,,,,lla  XG-GS-134 XG-GS-135  a J ° \ — | e ; e > = Color Option _ Color Option  XG-GS-136 XG-GS-137 e e@ cece A Color Option Color Option af XG-GS-138 XG-GS-139 Cen.) @) e ee (o Color Option dt Color Option,needs_review
XG-GS-139,Gift Sets,75,XG-GS-139,,,,,,,,lla  XG-GS-134 XG-GS-135  a J ° \ — | e ; e > = Color Option _ Color Option  XG-GS-136 XG-GS-137 e e@ cece A Color Option Color Option af XG-GS-138 XG-GS-139 Cen.) @) e ee (o Color Option dt Color Option,needs_review
XG-GS-140,Gift Sets,76,XG-GS-140,,,,,,,,yy —-™  f XG-GS-140 XG-GS-141 Color Option _ Color Option XG-GS-142 P XG-GS-143 e e eoe y Color Option Color Option _ f XG-GS-144 XG-GS-145 Color Option. A Color Option,needs_review
XG-GS-141,Gift Sets,76,XG-GS-141,,,,,,,,yy —-™  f XG-GS-140 XG-GS-141 Color Option _ Color Option XG-GS-142 P XG-GS-143 e e eoe y Color Option Color Option _ f XG-GS-144 XG-GS-145 Color Option. A Color Option,needs_review
XG-GS-142,Gift Sets,76,XG-GS-142,,,,,,,,yy —-™  f XG-GS-140 XG-GS-141 Color Option _ Color Option XG-GS-142 P XG-GS-143 e e eoe y Color Option Color Option _ f XG-GS-144 XG-GS-145 Color Option. A Color Option,needs_review
XG-GS-143,Gift Sets,76,XG-GS-143,,,,,,,,yy —-™  f XG-GS-140 XG-GS-141 Color Option _ Color Option XG-GS-142 P XG-GS-143 e e eoe y Color Option Color Option _ f XG-GS-144 XG-GS-145 Color Option. A Color Option,needs_review
XG-GS-144,Gift Sets,76,XG-GS-144,,,,,,,,yy —-™  f XG-GS-140 XG-GS-141 Color Option _ Color Option XG-GS-142 P XG-GS-143 e e eoe y Color Option Color Option _ f XG-GS-144 XG-GS-145 Color Option. A Color Option,needs_review
XG-GS-145,Gift Sets,76,XG-GS-145,,,,,,,,yy —-™  f XG-GS-140 XG-GS-141 Color Option _ Color Option XG-GS-142 P XG-GS-143 e e eoe y Color Option Color Option _ f XG-GS-144 XG-GS-145 Color Option. A Color Option,needs_review
XG-GS-146,Gift Sets,77,XG-GS-146,,,,,,,,ll —_~ XG-GS-146 ; XG-GS-147 e @ / @ e Color Option _“ Color Option XG-GS-148 XG-GS-149 e 0c ec3e A Color Option Color Option _ XG-GS-150 XG-GS-151 e ee ‘ { eee Color Option _ Color Option,needs_review
XG-GS-147,Gift Sets,77,XG-GS-147,,,,,,,,ll —_~ XG-GS-146 ; XG-GS-147 e @ / @ e Color Option _“ Color Option XG-GS-148 XG-GS-149 e 0c ec3e A Color Option Color Option _ XG-GS-150 XG-GS-151 e ee ‘ { eee Color Option _ Color Option,needs_review
XG-GS-148,Gift Sets,77,XG-GS-148,,,,,,,,ll —_~ XG-GS-146 ; XG-GS-147 e @ / @ e Color Option _“ Color Option XG-GS-148 XG-GS-149 e 0c ec3e A Color Option Color Option _ XG-GS-150 XG-GS-151 e ee ‘ { eee Color Option _ Color Option,needs_review
XG-GS-149,Gift Sets,77,XG-GS-149,,,,,,,,ll —_~ XG-GS-146 ; XG-GS-147 e @ / @ e Color Option _“ Color Option XG-GS-148 XG-GS-149 e 0c ec3e A Color Option Color Option _ XG-GS-150 XG-GS-151 e ee ‘ { eee Color Option _ Color Option,needs_review
XG-GS-150,Gift Sets,77,XG-GS-150,,,,,,,,ll —_~ XG-GS-146 ; XG-GS-147 e @ / @ e Color Option _“ Color Option XG-GS-148 XG-GS-149 e 0c ec3e A Color Option Color Option _ XG-GS-150 XG-GS-151 e ee ‘ { eee Color Option _ Color Option,needs_review
XG-GS-151,Gift Sets,77,XG-GS-151,,,,,,,,ll —_~ XG-GS-146 ; XG-GS-147 e @ / @ e Color Option _“ Color Option XG-GS-148 XG-GS-149 e 0c ec3e A Color Option Color Option _ XG-GS-150 XG-GS-151 e ee ‘ { eee Color Option _ Color Option,needs_review
XG-GS-152,Gift Sets,78,XG-GS-152,,,,,,,,ys XG-GS-152 XG-GS-153 e e A @ e Color Option ft Color Option XG-GS-154 | XG-GS-155 | e e ooe y Color Option Color Option _ f XG-GS-156 XG-GS-157 . e e 4 © ee Color Option. i Color Option,needs_review
XG-GS-153,Gift Sets,78,XG-GS-153,,,,,,,,ys XG-GS-152 XG-GS-153 e e A @ e Color Option ft Color Option XG-GS-154 | XG-GS-155 | e e ooe y Color Option Color Option _ f XG-GS-156 XG-GS-157 . e e 4 © ee Color Option. i Color Option,needs_review
XG-GS-154,Gift Sets,78,XG-GS-154,,,,,,,,ys XG-GS-152 XG-GS-153 e e A @ e Color Option ft Color Option XG-GS-154 | XG-GS-155 | e e ooe y Color Option Color Option _ f XG-GS-156 XG-GS-157 . e e 4 © ee Color Option. i Color Option,needs_review
XG-GS-155,Gift Sets,78,XG-GS-155,,,,,,,,ys XG-GS-152 XG-GS-153 e e A @ e Color Option ft Color Option XG-GS-154 | XG-GS-155 | e e ooe y Color Option Color Option _ f XG-GS-156 XG-GS-157 . e e 4 © ee Color Option. i Color Option,needs_review
XG-GS-156,Gift Sets,78,XG-GS-156,,,,,,,,ys XG-GS-152 XG-GS-153 e e A @ e Color Option ft Color Option XG-GS-154 | XG-GS-155 | e e ooe y Color Option Color Option _ f XG-GS-156 XG-GS-157 . e e 4 © ee Color Option. i Color Option,needs_review
XG-GS-157,Gift Sets,78,XG-GS-157,,,,,,,,ys XG-GS-152 XG-GS-153 e e A @ e Color Option ft Color Option XG-GS-154 | XG-GS-155 | e e ooe y Color Option Color Option _ f XG-GS-156 XG-GS-157 . e e 4 © ee Color Option. i Color Option,needs_review
XG-GS-158,Gift Sets,79,XG-GS-158,,,,,,,,"lla XG-GS-158 XG-GS-159 ee { @  @@e Color Option _“ Color Option XG-GS-160 XG-GS-161 e e@ oce A Color Option Color Option da XG-GS-162 XG-GS-163 Cen.) , { e@92e ; } Color Option. it Color Option",needs_review
XG-GS-159,Gift Sets,79,XG-GS-159,,,,,,,,"lla XG-GS-158 XG-GS-159 ee { @  @@e Color Option _“ Color Option XG-GS-160 XG-GS-161 e e@ oce A Color Option Color Option da XG-GS-162 XG-GS-163 Cen.) , { e@92e ; } Color Option. it Color Option",needs_review
XG-GS-160,Gift Sets,79,XG-GS-160,,,,,,,,"lla XG-GS-158 XG-GS-159 ee { @  @@e Color Option _“ Color Option XG-GS-160 XG-GS-161 e e@ oce A Color Option Color Option da XG-GS-162 XG-GS-163 Cen.) , { e@92e ; } Color Option. it Color Option",needs_review
XG-GS-161,Gift Sets,79,XG-GS-161,,,,,,,,"lla XG-GS-158 XG-GS-159 ee { @  @@e Color Option _“ Color Option XG-GS-160 XG-GS-161 e e@ oce A Color Option Color Option da XG-GS-162 XG-GS-163 Cen.) , { e@92e ; } Color Option. it Color Option",needs_review
XG-GS-162,Gift Sets,79,XG-GS-162,,,,,,,,"lla XG-GS-158 XG-GS-159 ee { @  @@e Color Option _“ Color Option XG-GS-160 XG-GS-161 e e@ oce A Color Option Color Option da XG-GS-162 XG-GS-163 Cen.) , { e@92e ; } Color Option. it Color Option",needs_review
XG-GS-163,Gift Sets,79,XG-GS-163,,,,,,,,"lla XG-GS-158 XG-GS-159 ee { @  @@e Color Option _“ Color Option XG-GS-160 XG-GS-161 e e@ oce A Color Option Color Option da XG-GS-162 XG-GS-163 Cen.) , { e@92e ; } Color Option. it Color Option",needs_review
XG-GS-164,Gift Sets,80,XG-GS-164,,,,,,,,IEEE =  /  \ XG-GS-164 XG-GS-165 Color Option y Color Option XG-GS-166 XG-GS-167 etal eychair aN \ etal eychain _— | e e@ eee y Color Option Color Option _ f XG-GS-168 XG-GS-169 e e . ( © ee Color Option i Color Option,needs_review
XG-GS-165,Gift Sets,80,XG-GS-165,,,,,,,,IEEE =  /  \ XG-GS-164 XG-GS-165 Color Option y Color Option XG-GS-166 XG-GS-167 etal eychair aN \ etal eychain _— | e e@ eee y Color Option Color Option _ f XG-GS-168 XG-GS-169 e e . ( © ee Color Option i Color Option,needs_review
XG-GS-166,Gift Sets,80,XG-GS-166,,,,,,,,IEEE =  /  \ XG-GS-164 XG-GS-165 Color Option y Color Option XG-GS-166 XG-GS-167 etal eychair aN \ etal eychain _— | e e@ eee y Color Option Color Option _ f XG-GS-168 XG-GS-169 e e . ( © ee Color Option i Color Option,needs_review
XG-GS-167,Gift Sets,80,XG-GS-167,,,,,,,,IEEE =  /  \ XG-GS-164 XG-GS-165 Color Option y Color Option XG-GS-166 XG-GS-167 etal eychair aN \ etal eychain _— | e e@ eee y Color Option Color Option _ f XG-GS-168 XG-GS-169 e e . ( © ee Color Option i Color Option,needs_review
XG-GS-168,Gift Sets,80,XG-GS-168,,,,,,,,IEEE =  /  \ XG-GS-164 XG-GS-165 Color Option y Color Option XG-GS-166 XG-GS-167 etal eychair aN \ etal eychain _— | e e@ eee y Color Option Color Option _ f XG-GS-168 XG-GS-169 e e . ( © ee Color Option i Color Option,needs_review
XG-GS-169,Gift Sets,80,XG-GS-169,,,,,,,,IEEE =  /  \ XG-GS-164 XG-GS-165 Color Option y Color Option XG-GS-166 XG-GS-167 etal eychair aN \ etal eychain _— | e e@ eee y Color Option Color Option _ f XG-GS-168 XG-GS-169 e e . ( © ee Color Option i Color Option,needs_review
XG-GS-170,Gift Sets,81,XG-GS-170,,,,,,,,fll —_~ XG-GS-170 XG-GS-171 e @ — / @ e Color Option _ Color Option XG-GS-172 XG-GS-173 seas Daty oN Metal koychoar Metal keychain a= --8 § e es eo0e A Color Option Color Option _ XG-GS-174 XG-GS-175 e e F y e ee Color Option. Mt Color Option,needs_review
XG-GS-171,Gift Sets,81,XG-GS-171,,,,,,,,fll —_~ XG-GS-170 XG-GS-171 e @ — / @ e Color Option _ Color Option XG-GS-172 XG-GS-173 seas Daty oN Metal koychoar Metal keychain a= --8 § e es eo0e A Color Option Color Option _ XG-GS-174 XG-GS-175 e e F y e ee Color Option. Mt Color Option,needs_review
XG-GS-172,Gift Sets,81,XG-GS-172,,,,,,,,fll —_~ XG-GS-170 XG-GS-171 e @ — / @ e Color Option _ Color Option XG-GS-172 XG-GS-173 seas Daty oN Metal koychoar Metal keychain a= --8 § e es eo0e A Color Option Color Option _ XG-GS-174 XG-GS-175 e e F y e ee Color Option. Mt Color Option,needs_review
XG-GS-173,Gift Sets,81,XG-GS-173,,,,,,,,fll —_~ XG-GS-170 XG-GS-171 e @ — / @ e Color Option _ Color Option XG-GS-172 XG-GS-173 seas Daty oN Metal koychoar Metal keychain a= --8 § e es eo0e A Color Option Color Option _ XG-GS-174 XG-GS-175 e e F y e ee Color Option. Mt Color Option,needs_review
XG-GS-174,Gift Sets,81,XG-GS-174,,,,,,,,fll —_~ XG-GS-170 XG-GS-171 e @ — / @ e Color Option _ Color Option XG-GS-172 XG-GS-173 seas Daty oN Metal koychoar Metal keychain a= --8 § e es eo0e A Color Option Color Option _ XG-GS-174 XG-GS-175 e e F y e ee Color Option. Mt Color Option,needs_review
XG-GS-175,Gift Sets,81,XG-GS-175,,,,,,,,-GS-170 XG-GS-171 e @ — / @ e Color Option _ Color Option XG-GS-172 XG-GS-173 seas Daty oN Metal koychoar Metal keychain a= --8 § e es eo0e A Color Option Color Option _ XG-GS-174 XG-GS-175 e e F y e ee Color Option. Mt Color Option,needs_review
XG-GS-176,Gift Sets,82,XG-GS-176,,,,,,,,fll —_~ XG-GS-176 XG-GS-177 | e @ A y @ e Color Option _“ Color Option XG-GS-178 XG-GS-179 e ee oce A Color Option Color Option _ XG-GS-180 ‘ XG-GS-181 e e y e_ ee we Color Option. Mt Color Option,needs_review
XG-GS-177,Gift Sets,82,XG-GS-177,,,,,,,,fll —_~ XG-GS-176 XG-GS-177 | e @ A y @ e Color Option _“ Color Option XG-GS-178 XG-GS-179 e ee oce A Color Option Color Option _ XG-GS-180 ‘ XG-GS-181 e e y e_ ee we Color Option. Mt Color Option,needs_review
XG-GS-178,Gift Sets,82,XG-GS-178,,,,,,,,fll —_~ XG-GS-176 XG-GS-177 | e @ A y @ e Color Option _“ Color Option XG-GS-178 XG-GS-179 e ee oce A Color Option Color Option _ XG-GS-180 ‘ XG-GS-181 e e y e_ ee we Color Option. Mt Color Option,needs_review
XG-GS-179,Gift Sets,82,XG-GS-179,,,,,,,,fll —_~ XG-GS-176 XG-GS-177 | e @ A y @ e Color Option _“ Color Option XG-GS-178 XG-GS-179 e ee oce A Color Option Color Option _ XG-GS-180 ‘ XG-GS-181 e e y e_ ee we Color Option. Mt Color Option,needs_review
XG-GS-180,Gift Sets,82,XG-GS-180,,,,,,,,fll —_~ XG-GS-176 XG-GS-177 | e @ A y @ e Color Option _“ Color Option XG-GS-178 XG-GS-179 e ee oce A Color Option Color Option _ XG-GS-180 ‘ XG-GS-181 e e y e_ ee we Color Option. Mt Color Option,needs_review
XG-GS-181,Gift Sets,82,XG-GS-181,,,,,,,,fll —_~ XG-GS-176 XG-GS-177 | e @ A y @ e Color Option _“ Color Option XG-GS-178 XG-GS-179 e ee oce A Color Option Color Option _ XG-GS-180 ‘ XG-GS-181 e e y e_ ee we Color Option. Mt Color Option,needs_review
XG-GS-182,Gift Sets,83,XG-GS-182,,,,,,,,"XG-GS-182 ‘ XG-GS-183  i Cre. \\ J) oan  e 0 e ee  Color Option Color Option _d XG-GS-184 | XG-GS+185  e ee ooe y Color Option Color Option _ XG-GS-186 XG-GS-187  Metal pen ek tai pen  e 0 ; ,{ eee  Color Option _ Color Option",needs_review
XG-GS-183,Gift Sets,83,XG-GS-183,,,,,,,,"XG-GS-182 ‘ XG-GS-183  i Cre. \\ J) oan  e 0 e ee  Color Option Color Option _d XG-GS-184 | XG-GS+185  e ee ooe y Color Option Color Option _ XG-GS-186 XG-GS-187  Metal pen ek tai pen  e 0 ; ,{ eee  Color Option _ Color Option",needs_review
XG-GS-184,Gift Sets,83,XG-GS-184,,,,,,,,"XG-GS-182 ‘ XG-GS-183  i Cre. \\ J) oan  e 0 e ee  Color Option Color Option _d XG-GS-184 | XG-GS+185  e ee ooe y Color Option Color Option _ XG-GS-186 XG-GS-187  Metal pen ek tai pen  e 0 ; ,{ eee  Color Option _ Color Option",needs_review
XG-GS-186,Gift Sets,83,XG-GS-186,,,,,,,,"XG-GS-182 ‘ XG-GS-183  i Cre. \\ J) oan  e 0 e ee  Color Option Color Option _d XG-GS-184 | XG-GS+185  e ee ooe y Color Option Color Option _ XG-GS-186 XG-GS-187  Metal pen ek tai pen  e 0 ; ,{ eee  Color Option _ Color Option",needs_review
XG-GS-187,Gift Sets,83,XG-GS-187,,,,,,,,"XG-GS-182 ‘ XG-GS-183  i Cre. \\ J) oan  e 0 e ee  Color Option Color Option _d XG-GS-184 | XG-GS+185  e ee ooe y Color Option Color Option _ XG-GS-186 XG-GS-187  Metal pen ek tai pen  e 0 ; ,{ eee  Color Option _ Color Option",needs_review
XG-GS-188,Gift Sets,84,XG-GS-188,,,,,,,,"4“ j  , ’ f j \ \ y ‘ NS —————— XG-GS-188 XG-GS-189 e @ e @ Color Option Color Option XG-GS-190 aon e e Color Option",needs_review
XG-GS-189,Gift Sets,84,XG-GS-189,,,,,,,,"4“ j  , ’ f j \ \ y ‘ NS —————— XG-GS-188 XG-GS-189 e @ e @ Color Option Color Option XG-GS-190 aon e e Color Option",needs_review
XG-GS-190,Gift Sets,84,XG-GS-190,,,,,,,,"4“ j  , ’ f j \ \ y ‘ NS —————— XG-GS-188 XG-GS-189 e @ e @ Color Option Color Option XG-GS-190 aon e e Color Option",needs_review
XG-GS-191,Gift Sets,85,XG - GS- 191,,,,,,,,SL |  XG - GS- 191  Bamboo Bottle  Bamboo Mug  Bamboo Notebook  Bamboo Keychain  Bamboo Pen  XG - GS- 192  VACCUM BOTTLE == MuG { 5 E KEY CHAIN be 7-2 PEN | eee NOTEBOOK | \ @  Color Option,needs_review
XG-GS-192,Gift Sets,85,XG - GS- 192,,,,,,,,SL |  XG - GS- 191  Bamboo Bottle  Bamboo Mug  Bamboo Notebook  Bamboo Keychain  Bamboo Pen  XG - GS- 192  VACCUM BOTTLE == MuG { 5 E KEY CHAIN be 7-2 PEN | eee NOTEBOOK | \ @  Color Option,needs_review
XG-GS-193,Gift Sets,86,XG - GS- 193,,,,,,,,XG - GS- 193 WATER BOTTLE  NOTEBOOK bs . LP Sy \ FEN vet } KEYCHAIN | oo WW Color Option  XG - GS- 194 WATER BOTTLE MUG = t NOTEBOOK 4 } PEN KEYCHAIN Color Option.,needs_review
XG-GS-194,Gift Sets,86,XG - GS- 194,,,,,,,,XG - GS- 193 WATER BOTTLE  NOTEBOOK bs . LP Sy \ FEN vet } KEYCHAIN | oo WW Color Option  XG - GS- 194 WATER BOTTLE MUG = t NOTEBOOK 4 } PEN KEYCHAIN Color Option.,needs_review
XG-GS-195,Gift Sets,87,XG - GS- 195,,,,,,,,XG - GS- 195 ] WATER BOTTLE é MUG moe J oy NOTEBOOK i ae PEN \ 4 \ KEYCHAIN \ | Color Option XG - GS- 196 WATER BOTTLE ae MUG \ NOTEBOOK ¢ PEN \ _\ KEYCHAINV x Color Option.,needs_review
XG-GS-196,Gift Sets,87,XG - GS- 196,,,,,,,,XG - GS- 195 ] WATER BOTTLE é MUG moe J oy NOTEBOOK i ae PEN \ 4 \ KEYCHAIN \ | Color Option XG - GS- 196 WATER BOTTLE ae MUG \ NOTEBOOK ¢ PEN \ _\ KEYCHAINV x Color Option.,needs_review
XG-GS-197,Gift Sets,88,XG - GS- 197,,,,,,,,XG - GS- 197 WATER BOTTLE =  MUG ; — NOTEBOOK & i a |  PEN |) i. q KEYCHAIN \ | i Color Option  XG - GS- 198  WATER BOTTLE  MUG : [ { \ NOTEBOOK A _ PEN Nee i KEYCHAIN  Color Option.,needs_review
XG-GS-198,Gift Sets,88,XG - GS- 198,,,,,,,,XG - GS- 197 WATER BOTTLE =  MUG ; — NOTEBOOK & i a |  PEN |) i. q KEYCHAIN \ | i Color Option  XG - GS- 198  WATER BOTTLE  MUG : [ { \ NOTEBOOK A _ PEN Nee i KEYCHAIN  Color Option.,needs_review
XG-GS-199,Gift Sets,89,XG - GS- 199,,,,,,,,"XG - GS- 199 WATER BOTTLE  MuG ; NOTEBOOK ? / PEN KEYCHAIN  Color Option  XG - GS- 200  WATER BOTTLE ——  MUG e) pag Ne NOTEBOOK ae | i | | PEN Nose TOR KEYCHAIN \a ie, Color Option.",needs_review
XG-GS-200,Gift Sets,89,XG - GS- 200,,,,,,,,"XG - GS- 199 WATER BOTTLE  MuG ; NOTEBOOK ? / PEN KEYCHAIN  Color Option  XG - GS- 200  WATER BOTTLE ——  MUG e) pag Ne NOTEBOOK ae | i | | PEN Nose TOR KEYCHAIN \a ie, Color Option.",needs_review
XG-GS-201,Gift Sets,90,XG - GS- 201,,,,,,,,XG - GS- 201 —— : WATER BOTTLE CARD HOLDER NOTEBOOK PEN KEYCHAIN XG - GS- 202 — WATER BOTTLE CARD HOLDER NOTEBOOK PEN 5 KEYCHAIN tl Color Option,needs_review
XG-GS-202,Gift Sets,90,XG - GS- 202,,,,,,,,XG - GS- 201 —— : WATER BOTTLE CARD HOLDER NOTEBOOK PEN KEYCHAIN XG - GS- 202 — WATER BOTTLE CARD HOLDER NOTEBOOK PEN 5 KEYCHAIN tl Color Option,needs_review
XG-GS-203,Gift Sets,91,XG - GS- 203,,,,,,,,XG - GS- 203 —— : WATER BOTTLE i  CARD HOLDER es  NOTEBOOK i ail KEYCHAIN Ir ell | eee — Color Option  XG - GS- 204 _— WATER BOTTLE i  CARD HOLDER ii  NOTEBOOK pie.  PEN ern KEYCHAIN rf 1) ee _ Color Option,needs_review
XG-GS-204,Gift Sets,91,XG - GS- 204,,,,,,,,XG - GS- 203 —— : WATER BOTTLE i  CARD HOLDER es  NOTEBOOK i ail KEYCHAIN Ir ell | eee — Color Option  XG - GS- 204 _— WATER BOTTLE i  CARD HOLDER ii  NOTEBOOK pie.  PEN ern KEYCHAIN rf 1) ee _ Color Option,needs_review
XG-GS-205,Gift Sets,92,XG - GS- 205,,,,,,,,XG - GS- 205 . WATER BOTTLE - CARD HOLDER ; : NOTEBOOK ‘ PEN erie KEYCHAIN  Color Option  XG - GS- 206  WATER BOTTLE el —_  CARD HOLDER j  NOTEBOOK  PEN a  KEYCHAIN ay \  Color Option.,needs_review
XG-GS-206,Gift Sets,92,XG - GS- 206,,,,,,,,XG - GS- 205 . WATER BOTTLE - CARD HOLDER ; : NOTEBOOK ‘ PEN erie KEYCHAIN  Color Option  XG - GS- 206  WATER BOTTLE el —_  CARD HOLDER j  NOTEBOOK  PEN a  KEYCHAIN ay \  Color Option.,needs_review
XG-GS-207,Gift Sets,93,XG - GS- 207,,,,,,,,"XG - GS- 207 . ] WATER BOTTLE CARD HOLDER NOTEBOOK PEN KEYCHAIN Color Option XG - GS- 208 WATER BOTTLE MuG i) NOTEBOOK \ i, PEN \ y KEYCHAIN _ aad zl Color Option",needs_review
XG-GS-208,Gift Sets,93,XG - GS- 208,,,,,,,,"XG - GS- 207 . ] WATER BOTTLE CARD HOLDER NOTEBOOK PEN KEYCHAIN Color Option XG - GS- 208 WATER BOTTLE MuG i) NOTEBOOK \ i, PEN \ y KEYCHAIN _ aad zl Color Option",needs_review
XG-GS-209,Gift Sets,94,XG - GS- 209,,,,,,,,f XG - GS- 209 WATER BOTTLE f a MuG | Ne NOTEBOOK Lo PEN > |i = KEYCHAIN 5 Ye Seat eco Les a] Color Option XG - GS- 210 WATER BOTTLE MUG } ) NOTEBOOK \ PEN | \ 2 \ KEYCHAIN a? Color Option,needs_review
XG-GS-210,Gift Sets,94,XG - GS- 210,,,,,,,,f XG - GS- 209 WATER BOTTLE f a MuG | Ne NOTEBOOK Lo PEN > |i = KEYCHAIN 5 Ye Seat eco Les a] Color Option XG - GS- 210 WATER BOTTLE MUG } ) NOTEBOOK \ PEN | \ 2 \ KEYCHAIN a? Color Option,needs_review
XG-GS-211,Gift Sets,95,XG -GS- 211,,,,,,,,"XG -GS- 211 ; WATER BOTTLE menace | MUG ~ E CARDHOLDER = be USB i | KEYCHAIN ; tee | Color Option  XG - GS- 212  WATER BOTTLE ii ee | ae, MOBILE STAND eS POWER BANK 1 i  PEN STAND | =  ID CARD HOLDER r a  Color Option",needs_review
XG-GS-212,Gift Sets,95,XG - GS- 212,,,,,,,,"XG -GS- 211 ; WATER BOTTLE menace | MUG ~ E CARDHOLDER = be USB i | KEYCHAIN ; tee | Color Option  XG - GS- 212  WATER BOTTLE ii ee | ae, MOBILE STAND eS POWER BANK 1 i  PEN STAND | =  ID CARD HOLDER r a  Color Option",needs_review
XG-GS-213,Gift Sets,97,XG - GS- 213,,,,,,,,XG - GS- 213 q WATER BOTTLE  CARD HOLDER  NOTEBOOK  PEN  KEYCHAIN  MUG Color Option  XG - GS- 214  WATER BOTTLE Pe  CARD HOLDER = oi  NOTEBOOK 4 \ ee \ PEN \) a \  KEYCHAIN \ \  MUG \ a  Color Option,needs_review
XG-GS-214,Gift Sets,97,XG - GS- 214,,,,,,,,XG - GS- 213 q WATER BOTTLE  CARD HOLDER  NOTEBOOK  PEN  KEYCHAIN  MUG Color Option  XG - GS- 214  WATER BOTTLE Pe  CARD HOLDER = oi  NOTEBOOK 4 \ ee \ PEN \) a \  KEYCHAIN \ \  MUG \ a  Color Option,needs_review
XG-GS-215,Gift Sets,98,XG - GS- 215,,,,,,,,XG - GS- 215 : WATER BOTTLE CARD HOLDER ‘ NOTEBOOK @ | ee) * PEN (. ; KEYCHAIN i BE | re MUG \ (el os |  Color Option  XG - GS- 216  WATER BOTTLE  CARD HOLDER  NOTEBOOK  PEN  KEYCHAIN  MUG  Color Option.,needs_review
XG-GS-216,Gift Sets,98,XG - GS- 216,,,,,,,,XG - GS- 215 : WATER BOTTLE CARD HOLDER ‘ NOTEBOOK @ | ee) * PEN (. ; KEYCHAIN i BE | re MUG \ (el os |  Color Option  XG - GS- 216  WATER BOTTLE  CARD HOLDER  NOTEBOOK  PEN  KEYCHAIN  MUG  Color Option.,needs_review
XG-GS-217,Gift Sets,99,XG - GS- 217,,,,,,,,a ith XG - GS- 217 WATER BOTTLE  CARD HOLDER NOTEBOOK  PEN  KEYCHAIN  MUG @ Color Option XG - GS- 218 WATER BOTTLE CARD HOLDER NOTEBOOK PEN KEYCHAIN MUG,needs_review
XG-GS-218,Gift Sets,99,XG - GS- 218,,,,,,,,a ith XG - GS- 217 WATER BOTTLE  CARD HOLDER NOTEBOOK  PEN  KEYCHAIN  MUG @ Color Option XG - GS- 218 WATER BOTTLE CARD HOLDER NOTEBOOK PEN KEYCHAIN MUG,needs_review
XG-GS-219,Gift Sets,100,XG - GS- 219,,,,,,,,XG - GS- 219 : WATER BOTTLE CARD HOLDER NOTEBOOK PEN KEYCHAIN MUG Color Option XG - GS- 220 WATER BOTTLE CARD HOLDER NOTEBOOK PEN KEYCHAIN MUG Color Option.,needs_review
XG-GS-220,Gift Sets,100,XG - GS- 220,,,,,,,,XG - GS- 219 : WATER BOTTLE CARD HOLDER NOTEBOOK PEN KEYCHAIN MUG Color Option XG - GS- 220 WATER BOTTLE CARD HOLDER NOTEBOOK PEN KEYCHAIN MUG Color Option.,needs_review
XG-GS-221,Gift Sets,101,XG - GS- 221,,,,,,,,XG - GS- 221 2 WATER BOTTLE ad CARD HOLDER — \% NOTEBOOK e | Vitro PEN x | \ = n 1 KEYCHAIN \ ] 1 MUG J \ | aL : | Color Option XG - GS- 222 WATER BOTTLE CARD HOLDER a 1 NOTEBOOK : a ies al PEN 4 — = ] KEYCHAIN ‘ 7 | MUG | | 4 = Color Option.,needs_review
XG-GS-222,Gift Sets,101,XG - GS- 222,,,,,,,,XG - GS- 221 2 WATER BOTTLE ad CARD HOLDER — \% NOTEBOOK e | Vitro PEN x | \ = n 1 KEYCHAIN \ ] 1 MUG J \ | aL : | Color Option XG - GS- 222 WATER BOTTLE CARD HOLDER a 1 NOTEBOOK : a ies al PEN 4 — = ] KEYCHAIN ‘ 7 | MUG | | 4 = Color Option.,needs_review
XG-GS-223,Gift Sets,102,XG - GS- 223,,,,,,,,XG - GS- 223  WATER BOTTLE  CARD HOLDER  NOTEBOOK  PEN  KEYCHAIN  MUG Color Option XG - GS- 224 WATER BOTTLE CARD HOLDER e [ey NOTEBOOK . KEYCHAIN MUG zZ Color Option.,needs_review
XG-GS-224,Gift Sets,102,XG - GS- 224,,,,,,,,XG - GS- 223  WATER BOTTLE  CARD HOLDER  NOTEBOOK  PEN  KEYCHAIN  MUG Color Option XG - GS- 224 WATER BOTTLE CARD HOLDER e [ey NOTEBOOK . KEYCHAIN MUG zZ Color Option.,needs_review
XG-GS-225,Gift Sets,103,XG - GS- 225,,,,,,,,1 = - 995 XG - GS- 225 7  WATER BOTTLE  CARD HOLDER =  NOTEBOOK x nd Color Option. XG - GS- 226 WATER BOTTLE CARD HOLDER NOTEBOOK ] PEN KEYCHAIN MUG Color Option.,needs_review
XG-GS-226,Gift Sets,103,XG - GS- 226,,,,,,,,1 = - 995 XG - GS- 225 7  WATER BOTTLE  CARD HOLDER =  NOTEBOOK x nd Color Option. XG - GS- 226 WATER BOTTLE CARD HOLDER NOTEBOOK ] PEN KEYCHAIN MUG Color Option.,needs_review
XG-GS-227,Gift Sets,104,XG - GS- 227,,,,,,,,"f  XG - GS- 227  WATER BOTTLE  CARD HOLDER \\  NOTEBOOK  PEN  KEYCHAIN =  MUG  USB  i @ >  Color Option XG - GS- 228 WATER BOTTLE  CARD HOLDER = NOTEBOOK | |  PEN | } KEYCHAIN g  MUG USB ke | | AE, | L Color Option",needs_review
XG-GS-228,Gift Sets,104,XG - GS- 228,,,,,,,,"f  XG - GS- 227  WATER BOTTLE  CARD HOLDER \\  NOTEBOOK  PEN  KEYCHAIN =  MUG  USB  i @ >  Color Option XG - GS- 228 WATER BOTTLE  CARD HOLDER = NOTEBOOK | |  PEN | } KEYCHAIN g  MUG USB ke | | AE, | L Color Option",needs_review
XG-GS-229,Gift Sets,105,XG - GS- 229,,,,,,,,XG - GS- 229 7 WATER BOTTLE MOBILE STAND NOTEBOOK POWER BANK clock ID CARD HOLDER PEN Color Option. XG - GS- 230 WATER BOTTLE CARD HOLDER NOTEBOOK PEN KEYCHAIN MUG USB Color Option.,needs_review
XG-GS-230,Gift Sets,105,XG - GS- 230,,,,,,,,XG - GS- 229 7 WATER BOTTLE MOBILE STAND NOTEBOOK POWER BANK clock ID CARD HOLDER PEN Color Option. XG - GS- 230 WATER BOTTLE CARD HOLDER NOTEBOOK PEN KEYCHAIN MUG USB Color Option.,needs_review
XG-GS-231,Gift Sets,106,XG - GS- 231,,,,,,,,XG - GS- 231 7 WATER BOTTLE CARD HOLDER NOTEBOOK PEN _ KEYCHAIN Tall MUG USB Color Option. XG - GS- 232 WATER BOTTLE = CARD HOLDER NOTEBOOK PEN TABLE CLOCK MUG USB Color Option.,needs_review
XG-GS-232,Gift Sets,106,XG - GS- 232,,,,,,,,XG - GS- 231 7 WATER BOTTLE CARD HOLDER NOTEBOOK PEN _ KEYCHAIN Tall MUG USB Color Option. XG - GS- 232 WATER BOTTLE = CARD HOLDER NOTEBOOK PEN TABLE CLOCK MUG USB Color Option.,needs_review
XG-ID-001,ID Card Holders,42,XG-ID-001,,,,,,,,"yi { I D) | \ XG-ID-001 XG-ID-002 ;  : is etd eve Z eco * <I Color Option _d Color Option XG-ID-003 XG-ID-004  Fa, CES e e y Color Option Color Option di XG-ID-005 XG-ID-006  Gan ee — = a= a eee / eee (Golor Onion. y ‘Goler Ontos",needs_review
XG-ID-002,ID Card Holders,42,XG-ID-002,,,,,,,,"yi { I D) | \ XG-ID-001 XG-ID-002 ;  : is etd eve Z eco * <I Color Option _d Color Option XG-ID-003 XG-ID-004  Fa, CES e e y Color Option Color Option di XG-ID-005 XG-ID-006  Gan ee — = a= a eee / eee (Golor Onion. y ‘Goler Ontos",needs_review
XG-ID-003,ID Card Holders,42,XG-ID-003,,,,,,,,"yi { I D) | \ XG-ID-001 XG-ID-002 ;  : is etd eve Z eco * <I Color Option _d Color Option XG-ID-003 XG-ID-004  Fa, CES e e y Color Option Color Option di XG-ID-005 XG-ID-006  Gan ee — = a= a eee / eee (Golor Onion. y ‘Goler Ontos",needs_review
XG-ID-004,ID Card Holders,42,XG-ID-004,,,,,,,,"yi { I D) | \ XG-ID-001 XG-ID-002 ;  : is etd eve Z eco * <I Color Option _d Color Option XG-ID-003 XG-ID-004  Fa, CES e e y Color Option Color Option di XG-ID-005 XG-ID-006  Gan ee — = a= a eee / eee (Golor Onion. y ‘Goler Ontos",needs_review
XG-ID-005,ID Card Holders,42,XG-ID-005,,,,,,,,"yi { I D) | \ XG-ID-001 XG-ID-002 ;  : is etd eve Z eco * <I Color Option _d Color Option XG-ID-003 XG-ID-004  Fa, CES e e y Color Option Color Option di XG-ID-005 XG-ID-006  Gan ee — = a= a eee / eee (Golor Onion. y ‘Goler Ontos",needs_review
XG-ID-006,ID Card Holders,42,XG-ID-006,,,,,,,,"yi { I D) | \ XG-ID-001 XG-ID-002 ;  : is etd eve Z eco * <I Color Option _d Color Option XG-ID-003 XG-ID-004  Fa, CES e e y Color Option Color Option di XG-ID-005 XG-ID-006  Gan ee — = a= a eee / eee (Golor Onion. y ‘Goler Ontos",needs_review
XG-ID-007,ID Card Holders,43,XG-ID-007,,,,,,,,"ee y y | \ XG-ID-007 XG-ID-008 XL ec} Pw |) eve : Z ene Color Option _d Color Option XG-ID-009 XG-ID-010 € ) ©) e e y Color Option Color Option dl XG-ID-011 XG-ID-012 i ee e ee / e@ ee (Golor Onion, y ‘Goler Ogtion",needs_review
XG-ID-008,ID Card Holders,43,XG-ID-008,,,,,,,,"ee y y | \ XG-ID-007 XG-ID-008 XL ec} Pw |) eve : Z ene Color Option _d Color Option XG-ID-009 XG-ID-010 € ) ©) e e y Color Option Color Option dl XG-ID-011 XG-ID-012 i ee e ee / e@ ee (Golor Onion, y ‘Goler Ogtion",needs_review
XG-ID-009,ID Card Holders,43,XG-ID-009,,,,,,,,"ee y y | \ XG-ID-007 XG-ID-008 XL ec} Pw |) eve : Z ene Color Option _d Color Option XG-ID-009 XG-ID-010 € ) ©) e e y Color Option Color Option dl XG-ID-011 XG-ID-012 i ee e ee / e@ ee (Golor Onion, y ‘Goler Ogtion",needs_review
XG-ID-010,ID Card Holders,43,XG-ID-010,,,,,,,,"ee y y | \ XG-ID-007 XG-ID-008 XL ec} Pw |) eve : Z ene Color Option _d Color Option XG-ID-009 XG-ID-010 € ) ©) e e y Color Option Color Option dl XG-ID-011 XG-ID-012 i ee e ee / e@ ee (Golor Onion, y ‘Goler Ogtion",needs_review
XG-ID-011,ID Card Holders,43,XG-ID-011,,,,,,,,"ee y y | \ XG-ID-007 XG-ID-008 XL ec} Pw |) eve : Z ene Color Option _d Color Option XG-ID-009 XG-ID-010 € ) ©) e e y Color Option Color Option dl XG-ID-011 XG-ID-012 i ee e ee / e@ ee (Golor Onion, y ‘Goler Ogtion",needs_review
XG-ID-012,ID Card Holders,43,XG-ID-012,,,,,,,,"ee y y | \ XG-ID-007 XG-ID-008 XL ec} Pw |) eve : Z ene Color Option _d Color Option XG-ID-009 XG-ID-010 € ) ©) e e y Color Option Color Option dl XG-ID-011 XG-ID-012 i ee e ee / e@ ee (Golor Onion, y ‘Goler Ogtion",needs_review
XG-ID-013,ID Card Holders,44,XG-ID-013,,,,,,,,"LEE y y f \ SG : - XG-ID-013 XG-ID-014 [Bex Pa = e ————! ev30e ey, ene Color Option wl Color Option XG-ID-015 XG-ID-016 CES) Comm | e e ull Un y Color Option Color Option ud XG-ID-017 XG-ID-018 — ae e / © ee = Color Option ‘ Color Option",needs_review
XG-ID-014,ID Card Holders,44,XG-ID-014,,,,,,,,"LEE y y f \ SG : - XG-ID-013 XG-ID-014 [Bex Pa = e ————! ev30e ey, ene Color Option wl Color Option XG-ID-015 XG-ID-016 CES) Comm | e e ull Un y Color Option Color Option ud XG-ID-017 XG-ID-018 — ae e / © ee = Color Option ‘ Color Option",needs_review
XG-ID-015,ID Card Holders,44,XG-ID-015,,,,,,,,"LEE y y f \ SG : - XG-ID-013 XG-ID-014 [Bex Pa = e ————! ev30e ey, ene Color Option wl Color Option XG-ID-015 XG-ID-016 CES) Comm | e e ull Un y Color Option Color Option ud XG-ID-017 XG-ID-018 — ae e / © ee = Color Option ‘ Color Option",needs_review
XG-ID-016,ID Card Holders,44,XG-ID-016,,,,,,,,"LEE y y f \ SG : - XG-ID-013 XG-ID-014 [Bex Pa = e ————! ev30e ey, ene Color Option wl Color Option XG-ID-015 XG-ID-016 CES) Comm | e e ull Un y Color Option Color Option ud XG-ID-017 XG-ID-018 — ae e / © ee = Color Option ‘ Color Option",needs_review
XG-ID-017,ID Card Holders,44,XG-ID-017,,,,,,,,"LEE y y f \ SG : - XG-ID-013 XG-ID-014 [Bex Pa = e ————! ev30e ey, ene Color Option wl Color Option XG-ID-015 XG-ID-016 CES) Comm | e e ull Un y Color Option Color Option ud XG-ID-017 XG-ID-018 — ae e / © ee = Color Option ‘ Color Option",needs_review
XG-ID-018,ID Card Holders,44,XG-ID-018,,,,,,,,"y y f \ SG : - XG-ID-013 XG-ID-014 [Bex Pa = e ————! ev30e ey, ene Color Option wl Color Option XG-ID-015 XG-ID-016 CES) Comm | e e ull Un y Color Option Color Option ud XG-ID-017 XG-ID-018 — ae e / © ee = Color Option ‘ Color Option",needs_review
XG-ID-019,ID Card Holders,45,XG-ID-019,,,,,,,,"ee y y 1 SG : - XG-ID-019 XG-ID-020 Copocty os S ee lf ONE cum Ea] , eo == , eee Color Option di Color Option XG-ID-021 XG-ID-022 |2.}| © ee) G ee). i i mt = { LUE Le e e y Color Option Color Option ul XG-ID-023 ™ XG-ID-024 3 pace | |S = ‘wong | e @ | / @ ee Color Option ‘ Color Option",needs_review
XG-ID-020,ID Card Holders,45,XG-ID-020,,,,,,,,"ee y y 1 SG : - XG-ID-019 XG-ID-020 Copocty os S ee lf ONE cum Ea] , eo == , eee Color Option di Color Option XG-ID-021 XG-ID-022 |2.}| © ee) G ee). i i mt = { LUE Le e e y Color Option Color Option ul XG-ID-023 ™ XG-ID-024 3 pace | |S = ‘wong | e @ | / @ ee Color Option ‘ Color Option",needs_review
XG-ID-021,ID Card Holders,45,XG-ID-021,,,,,,,,"ee y y 1 SG : - XG-ID-019 XG-ID-020 Copocty os S ee lf ONE cum Ea] , eo == , eee Color Option di Color Option XG-ID-021 XG-ID-022 |2.}| © ee) G ee). i i mt = { LUE Le e e y Color Option Color Option ul XG-ID-023 ™ XG-ID-024 3 pace | |S = ‘wong | e @ | / @ ee Color Option ‘ Color Option",needs_review
XG-ID-022,ID Card Holders,45,XG-ID-022,,,,,,,,"ee y y 1 SG : - XG-ID-019 XG-ID-020 Copocty os S ee lf ONE cum Ea] , eo == , eee Color Option di Color Option XG-ID-021 XG-ID-022 |2.}| © ee) G ee). i i mt = { LUE Le e e y Color Option Color Option ul XG-ID-023 ™ XG-ID-024 3 pace | |S = ‘wong | e @ | / @ ee Color Option ‘ Color Option",needs_review
XG-ID-023,ID Card Holders,45,XG-ID-023,,,,,,,,"019 XG-ID-020 Copocty os S ee lf ONE cum Ea] , eo == , eee Color Option di Color Option XG-ID-021 XG-ID-022 |2.}| © ee) G ee). i i mt = { LUE Le e e y Color Option Color Option ul XG-ID-023 ™ XG-ID-024 3 pace | |S = ‘wong | e @ | / @ ee Color Option ‘ Color Option",needs_review
XG-ID-024,ID Card Holders,45,XG-ID-024,,,,,,,,"0 Copocty os S ee lf ONE cum Ea] , eo == , eee Color Option di Color Option XG-ID-021 XG-ID-022 |2.}| © ee) G ee). i i mt = { LUE Le e e y Color Option Color Option ul XG-ID-023 ™ XG-ID-024 3 pace | |S = ‘wong | e @ | / @ ee Color Option ‘ Color Option",needs_review
XG-ID-025,ID Card Holders,46,XG-ID-025,,,,,,,,"LEE == y | \ CARD ‘NS = XG-ID-025 XG-ID-026 mace — e0e — , ene ' Color Option al Color Option — XG-ID-027 XG-ID-028 EASA “ A3 (ls = . e e ‘ Color Option Color Option ud XG-ID-029 XG-ID-030 gs Or hae e@. ©0e : @ ee X Color Option ( Color Option",needs_review
XG-ID-026,ID Card Holders,46,XG-ID-026,,,,,,,,"LEE == y | \ CARD ‘NS = XG-ID-025 XG-ID-026 mace — e0e — , ene ' Color Option al Color Option — XG-ID-027 XG-ID-028 EASA “ A3 (ls = . e e ‘ Color Option Color Option ud XG-ID-029 XG-ID-030 gs Or hae e@. ©0e : @ ee X Color Option ( Color Option",needs_review
XG-ID-027,ID Card Holders,46,XG-ID-027,,,,,,,,"LEE == y | \ CARD ‘NS = XG-ID-025 XG-ID-026 mace — e0e — , ene ' Color Option al Color Option — XG-ID-027 XG-ID-028 EASA “ A3 (ls = . e e ‘ Color Option Color Option ud XG-ID-029 XG-ID-030 gs Or hae e@. ©0e : @ ee X Color Option ( Color Option",needs_review
XG-ID-028,ID Card Holders,46,XG-ID-028,,,,,,,,"LEE == y | \ CARD ‘NS = XG-ID-025 XG-ID-026 mace — e0e — , ene ' Color Option al Color Option — XG-ID-027 XG-ID-028 EASA “ A3 (ls = . e e ‘ Color Option Color Option ud XG-ID-029 XG-ID-030 gs Or hae e@. ©0e : @ ee X Color Option ( Color Option",needs_review
XG-ID-029,ID Card Holders,46,XG-ID-029,,,,,,,,"LEE == y | \ CARD ‘NS = XG-ID-025 XG-ID-026 mace — e0e — , ene ' Color Option al Color Option — XG-ID-027 XG-ID-028 EASA “ A3 (ls = . e e ‘ Color Option Color Option ud XG-ID-029 XG-ID-030 gs Or hae e@. ©0e : @ ee X Color Option ( Color Option",needs_review
XG-ID-030,ID Card Holders,46,XG-ID-030,,,,,,,,"LEE == y | \ CARD ‘NS = XG-ID-025 XG-ID-026 mace — e0e — , ene ' Color Option al Color Option — XG-ID-027 XG-ID-028 EASA “ A3 (ls = . e e ‘ Color Option Color Option ud XG-ID-029 XG-ID-030 gs Or hae e@. ©0e : @ ee X Color Option ( Color Option",needs_review
XG-ID-031,ID Card Holders,47,XG-ID-031,,,,,,,,yy f | D f \ XG-ID-031 XG-ID-032 SS —— ea | a eco | ) y eo d =J Color Option : dl Color Option XG-ID-033 XG-ID-034 e e y Color Option Color Option dA XG-ID-035 XG-ID-036 3 ee y YQ e @ / @ ee Color Option y Color Option,needs_review
XG-ID-032,ID Card Holders,47,XG-ID-032,,,,,,,,yy f | D f \ XG-ID-031 XG-ID-032 SS —— ea | a eco | ) y eo d =J Color Option : dl Color Option XG-ID-033 XG-ID-034 e e y Color Option Color Option dA XG-ID-035 XG-ID-036 3 ee y YQ e @ / @ ee Color Option y Color Option,needs_review
XG-ID-033,ID Card Holders,47,XG-ID-033,,,,,,,,yy f | D f \ XG-ID-031 XG-ID-032 SS —— ea | a eco | ) y eo d =J Color Option : dl Color Option XG-ID-033 XG-ID-034 e e y Color Option Color Option dA XG-ID-035 XG-ID-036 3 ee y YQ e @ / @ ee Color Option y Color Option,needs_review
XG-ID-034,ID Card Holders,47,XG-ID-034,,,,,,,,yy f | D f \ XG-ID-031 XG-ID-032 SS —— ea | a eco | ) y eo d =J Color Option : dl Color Option XG-ID-033 XG-ID-034 e e y Color Option Color Option dA XG-ID-035 XG-ID-036 3 ee y YQ e @ / @ ee Color Option y Color Option,needs_review
XG-ID-035,ID Card Holders,47,XG-ID-035,,,,,,,,yy f | D f \ XG-ID-031 XG-ID-032 SS —— ea | a eco | ) y eo d =J Color Option : dl Color Option XG-ID-033 XG-ID-034 e e y Color Option Color Option dA XG-ID-035 XG-ID-036 3 ee y YQ e @ / @ ee Color Option y Color Option,needs_review
XG-ID-036,ID Card Holders,47,XG-ID-036,,,,,,,,yy f | D f \ XG-ID-031 XG-ID-032 SS —— ea | a eco | ) y eo d =J Color Option : dl Color Option XG-ID-033 XG-ID-034 e e y Color Option Color Option dA XG-ID-035 XG-ID-036 3 ee y YQ e @ / @ ee Color Option y Color Option,needs_review
XG-ID-037,ID Card Holders,48,XG-ID-037,,,,,,,,ee y y | \ XG-ID-037 XG-ID-038 a ~~ _ pe a= Color Option ft Color Option XG-ID-039 XG-ID-040 e = = e y Color Option Color Option ud XG-ID-041 XG-ID-042 ° e ° es gee @ pB & « 8 } 6 @ \ g +. 2 % e000 L566 e @ / @ ee Color Option y Color Option,needs_review
XG-ID-038,ID Card Holders,48,XG-ID-038,,,,,,,,ee y y | \ XG-ID-037 XG-ID-038 a ~~ _ pe a= Color Option ft Color Option XG-ID-039 XG-ID-040 e = = e y Color Option Color Option ud XG-ID-041 XG-ID-042 ° e ° es gee @ pB & « 8 } 6 @ \ g +. 2 % e000 L566 e @ / @ ee Color Option y Color Option,needs_review
XG-ID-039,ID Card Holders,48,XG-ID-039,,,,,,,,ee y y | \ XG-ID-037 XG-ID-038 a ~~ _ pe a= Color Option ft Color Option XG-ID-039 XG-ID-040 e = = e y Color Option Color Option ud XG-ID-041 XG-ID-042 ° e ° es gee @ pB & « 8 } 6 @ \ g +. 2 % e000 L566 e @ / @ ee Color Option y Color Option,needs_review
XG-ID-040,ID Card Holders,48,XG-ID-040,,,,,,,,ee y y | \ XG-ID-037 XG-ID-038 a ~~ _ pe a= Color Option ft Color Option XG-ID-039 XG-ID-040 e = = e y Color Option Color Option ud XG-ID-041 XG-ID-042 ° e ° es gee @ pB & « 8 } 6 @ \ g +. 2 % e000 L566 e @ / @ ee Color Option y Color Option,needs_review
XG-ID-041,ID Card Holders,48,XG-ID-041,,,,,,,,ee y y | \ XG-ID-037 XG-ID-038 a ~~ _ pe a= Color Option ft Color Option XG-ID-039 XG-ID-040 e = = e y Color Option Color Option ud XG-ID-041 XG-ID-042 ° e ° es gee @ pB & « 8 } 6 @ \ g +. 2 % e000 L566 e @ / @ ee Color Option y Color Option,needs_review
XG-ID-042,ID Card Holders,48,XG-ID-042,,,,,,,,ee y y | \ XG-ID-037 XG-ID-038 a ~~ _ pe a= Color Option ft Color Option XG-ID-039 XG-ID-040 e = = e y Color Option Color Option ud XG-ID-041 XG-ID-042 ° e ° es gee @ pB & « 8 } 6 @ \ g +. 2 % e000 L566 e @ / @ ee Color Option y Color Option,needs_review
XG-ID-043,ID Card Holders,49,XG-ID-043,,,,,,,,ee y y | \ XG-ID-043 XG-ID-044 a © eco ‘ ~ £ | ese @ @ / Color Option _d Color Option XG-ID-045 XG-ID-046 e —— e y Color Option Color Option dj XG-ID-047 XG-ID-048 BG e 8 o @. e ee 'S / e ee Color Option y Color Option,needs_review
XG-ID-044,ID Card Holders,49,XG-ID-044,,,,,,,,ee y y | \ XG-ID-043 XG-ID-044 a © eco ‘ ~ £ | ese @ @ / Color Option _d Color Option XG-ID-045 XG-ID-046 e —— e y Color Option Color Option dj XG-ID-047 XG-ID-048 BG e 8 o @. e ee 'S / e ee Color Option y Color Option,needs_review
XG-ID-045,ID Card Holders,49,XG-ID-045,,,,,,,,ee y y | \ XG-ID-043 XG-ID-044 a © eco ‘ ~ £ | ese @ @ / Color Option _d Color Option XG-ID-045 XG-ID-046 e —— e y Color Option Color Option dj XG-ID-047 XG-ID-048 BG e 8 o @. e ee 'S / e ee Color Option y Color Option,needs_review
XG-ID-046,ID Card Holders,49,XG-ID-046,,,,,,,,ee y y | \ XG-ID-043 XG-ID-044 a © eco ‘ ~ £ | ese @ @ / Color Option _d Color Option XG-ID-045 XG-ID-046 e —— e y Color Option Color Option dj XG-ID-047 XG-ID-048 BG e 8 o @. e ee 'S / e ee Color Option y Color Option,needs_review
XG-ID-047,ID Card Holders,49,XG-ID-047,,,,,,,,ee y y | \ XG-ID-043 XG-ID-044 a © eco ‘ ~ £ | ese @ @ / Color Option _d Color Option XG-ID-045 XG-ID-046 e —— e y Color Option Color Option dj XG-ID-047 XG-ID-048 BG e 8 o @. e ee 'S / e ee Color Option y Color Option,needs_review
XG-ID-048,ID Card Holders,49,XG-ID-048,,,,,,,,ee y y | \ XG-ID-043 XG-ID-044 a © eco ‘ ~ £ | ese @ @ / Color Option _d Color Option XG-ID-045 XG-ID-046 e —— e y Color Option Color Option dj XG-ID-047 XG-ID-048 BG e 8 o @. e ee 'S / e ee Color Option y Color Option,needs_review
XG-K1,Key Chains,108,K1,,,,,,,,"Circular Shaped Keychain nd\tw Es Matt Finish Side ie} we oD a \ ve ake - N 3 [| %, . ie} 0% go aos Sloat Fintah fe) av xe \ ye Le : Item Code: XG - K1 % Material: Stainless Steel — Colours: z Branding: Engraving / Print Packing: pp Packing.",needs_review
XG-K2,Key Chains,109,K2,,,,,,,,(wou NEW ARRIVAL Rounded Edge Rectangular Ieee REA) Keychain we Order Now..!! Item Code: XG - K2 Material: Stainless Steel Colours: Branding: Engraving / Print Packing: pp Packing. S 2 UR % ag RS ee ee. oo ® Ss a O o% w °,needs_review
XG-K3,Key Chains,110,K3,,,,,,,,"' 3in1 Keychain Key Holder | Loop | Bottel Opener Order Now.) ae Item Code: XG - K3 Size: 10 cm H X 3.3 cm W, Thickness: 0.8 cms Material: Stainless Steel,Weight: 36 gms approx. IL Zz Bottle Colours: EEEIGE™) 4 7 Branding: Engraving / Print q . Packing: pp Packing. ] Ge oO { = s oi— | zs C = ‘ = Bottle Opener _ a \ | rh ‘ ee _} ia > —“~; ( — 1 =",needs_review
XG-K4,Key Chains,111,K4,,,,,,,,House Shaped Keychain Order Now..!!..§$ ———-——_-— P ss e cs \ An = i ae \ 4 yy | \ vee \ \ “ 08 \ \\ 3 Ttem Code : K4 \ > i Material : Metal \ Color : Metalic Black a \ a j realty = Laser / Screen | uy —_ \ \ ‘ a ya ni \ =p,needs_review
XG-K5,Key Chains,112,K5,,,,,,,,"a Ring Keychain ‘Order NOW: Sipe cca eres q> Logo Here < & % q °° ~ Item Code: XG - K5 Material: Stainless Steel, Colours: Black (JRE) //BIUe) Branding: Engraving / Print Packing: pp Packing.",needs_review
XG-K6,Key Chains,113,K6,,,,,,,,"oom), NEW ARRIVAL ~ Ring Keychain We Order Now..!! I E 2 ’ , | (5 Ss is _—— Na ¥ i\ f pe NN ; Item Code: XG - K6 = Material: Stainless Steel, ° Colours: | Black |Brown| j See ~~ Branding: Engraving / Print ¢ & Packing: pp Packing. Loop for § a? Hanging ‘ -",needs_review
XG-K7,Key Chains,114,K7,,,,,,,,"Koow)\\ NEW ARRIVAL =2 in 1 Keychain a PF orderNow.y ___Key Holder! Loop : Logo ) # o— © PG oe ioe Item Code: XG - K7 ear” Material: Stainless Steel, fae Colours: Black Brown as P ; Branding: Engraving / Print Back side View Packing: pp Packing.",needs_review
XG-K8,Key Chains,115,K8,,,,,,,,"(rou Ring Keychain wy ORGET INO Well a ee { Item Code : K8 | A Material : Metal \ G Color : Blue & Red - \\ Branding : Laser / Screen / uv NS ¥] Packing : one pe poly pack ~~ Crtn packing : 1000 pe Back Side view Az (inner 100’pc box) 7, ~ | f \ | (X wa _ - } Db iogo | = | ! Here } | , I ] Al q Al",needs_review
XG-K9,Key Chains,116,K9,,,,,,,,"(avowea) NEW ARRIVAL Round Revolving \_ Tder Now. Dual Side Keychain ltem Code : K9 Material : Metal Branding : Laser / Screen / uv Packing : one pe poly pack a Crtn packing : 500 pe (inner 50’pe box) 7 SS Back Side view eS a, > \ y \",needs_review
XG-K10,Key Chains,117,K10,,,,,,,,(muoaea)) NEW ARRIVAL visel Shape Keychain YA ( J ” Y \ Item Code : K10 ( Le Material : Metal § Color: Metalic Black . Branding : Laser / Screen / uv Packing : one pe poly pack Crtn packing : 500 pe . (inner 50’pc box) yo } Ae 1) i,needs_review
XG-K13,Key Chains,120,K13,,,,,,,,N ~ Keychain we po Key Holder | Loop  : Order Now..!!|_ Item Code: XG - K13 ~ Material: Stainless Steel \ Colours: BEWEam \ Branding: Engraving / Print \ Packing: pp Packing.  oe ”  Or rs rs ‘,needs_review
XG-K14,Key Chains,121,K14,,,,,,,,(mupara)) NEW ARRIVAL Flat Shaped Keychain we Order Now..! ‘N Back Side view  Item Code : K14  Material : Metal  Color : Metalic Black  Branding : Laser / Sereen / uv  Packing : one pe poly pack  Crtn packing : 500 pe (inner 50’pe box),needs_review
XG-K15,Key Chains,122,K15,,,,,,,,Wooden Keychain ay Order NOW: ||Miaeeoe ft Ttem Code : K15 Material : Wooden Color Branding : Laser / Screen / uv Packing : one pe poly pack Crtn packing : 200 pe poly pack,needs_review
XG-K16,Key Chains,123,K16,,,,,,,,Wooden Keychain © CTO W) | Mme Item Code : K16 Material : Wooden fer) Wood Color Branding : Laser / Screen / uv Packing : one pe poly pack Crtn packing : 200 pe poly pack < <o . he 2 2 f 3 . * — ~ @ <¢ 2 y. — é “ ad ne + « oe ey @ ec :,needs_review
XG-K17,Key Chains,124,K17,,,,,,,,"Wr Aaa SS ee @ vss), NEW ARRIVAL Mi revacel Keychain wy occ Now.  CY y{) 1, A ea , A il —— | - dean y Ch — Item Code : K17  . w Material : Half Pu & Half Metal Branding : Laser / Screen / uv Packing : one pe poly pack Crtn packing : 200 pe poly pack",needs_review
XG-K18,Key Chains,125,K18,,,,,,,,"(mvonen) NEW ARRIVAL Baloon Keychain eZ, Order NOW..1 === see eee a ee ) a) eo \ \ =. \ ‘a ee Item Code : K18 x Material : Metal Color: Giza] & Orange  Branding : Laser / Screen / uv Packing : one pe poly pack Crtn packing : 200 pe poly pack",needs_review
XG-K19,Key Chains,126,K19,,,,,,,,NEW ARRIVAL Wooden Keychain Order Now..!! Item Code : K19 Material : Wooden Color Branding : Laser / Screen / uv Packing : one pe poly pack Crtn packing : 200 pe poly pack,needs_review
XG-K20,Key Chains,127,K20,,,,,,,,"(om) Wooden Bamboo Keychain Pe va  Bs Ke  ww  Product code : K-20  Material : Bamboo With Stainless Steel  Color : Natural Bamboo  Branding Possible: Uv Print , Laser & Screen NEW ARRIVAL",needs_review
XG-K21,Key Chains,128,K21,,,,,,,,"aan (von Wooden Bamboo Keychain ea NI — “ a Product code : K-21 i | Ae xe y/ ” Material : Bamboo With Stainless Steel as A Color : Natural Bamboo ae Branding Possible: Uv Print , Laser & Screen See ee i) GO —— es 4 — ~ =",needs_review
XG-K23,Key Chains,130,K23,,,,,,,,"(om) Wooden Bamboo Keychain yom y Product code : K-23 . Material : Bamboo With Steel With Bottle Opener Color : Natural Bamboo Branding Possible: Uv Print , Laser & Screen Me",needs_review
XG-K24,Key Chains,131,K24,,,,,,,,"(om) Wooden Bamboo Keychain comm A * ae \ aa x aN Product code : K-24 aN Pa ‘. Pa Material : Bamboo With Steel Sh AS a A Color : Natural Bamboo ne 4 x Branding Possible: Uv Print , Laser & Screen parr th",needs_review
XG-K25,Key Chains,132,K25,,,,,,,,"Pu Leather Keychain . Bnew gt Product code : K-25 Material : Pu Leather With Metal Color : Blue Black Red And Grey Branding Possible: Uv Print , Laser & Screen “ih ty,",needs_review
XG-K26,Key Chains,133,K26,,,,,,,,"Keychain | 411 — - ARRIVAL et So ff | Product code : K-26 1 Material: Metal , Color: — Branding Possible: Uv Print , Laser & Screen Z _ SF - a >",needs_review
XG-K27,Key Chains,134,K27,,,,,,,,"Pu Leather Keychain Bnew gt ARRIVAL oe) ——— 4 Product code : K-27 a Material : Dual Metal Ring With Pu Attachments ( / Color : Black SA Branding Possible: Uv Print , Laser & Screen | \/",needs_review
XG-MG-001,Mugs,17,XG-MG-001,,,,,,,,EE y yo i \ XG-MG-001 XG-MG-002 @ @o Color Option a Color Option XG-MG-003 XG-MG-004 eo 7 7 Color Option Color Option a XG-MG-005 XG-MG-006 Product code : XG-MO5: Product code : XG-M06 = e y Vin Color Option yr Color Option,needs_review
XG-MG-002,Mugs,17,XG-MG-002,,,,,,,,EE y yo i \ XG-MG-001 XG-MG-002 @ @o Color Option a Color Option XG-MG-003 XG-MG-004 eo 7 7 Color Option Color Option a XG-MG-005 XG-MG-006 Product code : XG-MO5: Product code : XG-M06 = e y Vin Color Option yr Color Option,needs_review
XG-MG-003,Mugs,17,XG-MG-003,,,,,,,,EE y yo i \ XG-MG-001 XG-MG-002 @ @o Color Option a Color Option XG-MG-003 XG-MG-004 eo 7 7 Color Option Color Option a XG-MG-005 XG-MG-006 Product code : XG-MO5: Product code : XG-M06 = e y Vin Color Option yr Color Option,needs_review
XG-MG-004,Mugs,17,XG-MG-004,,,,,,,,EE y yo i \ XG-MG-001 XG-MG-002 @ @o Color Option a Color Option XG-MG-003 XG-MG-004 eo 7 7 Color Option Color Option a XG-MG-005 XG-MG-006 Product code : XG-MO5: Product code : XG-M06 = e y Vin Color Option yr Color Option,needs_review
XG-MG-005,Mugs,17,XG-MG-005,,,,,,,,EE y yo i \ XG-MG-001 XG-MG-002 @ @o Color Option a Color Option XG-MG-003 XG-MG-004 eo 7 7 Color Option Color Option a XG-MG-005 XG-MG-006 Product code : XG-MO5: Product code : XG-M06 = e y Vin Color Option yr Color Option,needs_review
XG-MG-006,Mugs,17,XG-MG-006,,,,,,,,EE y yo i \ XG-MG-001 XG-MG-002 @ @o Color Option a Color Option XG-MG-003 XG-MG-004 eo 7 7 Color Option Color Option a XG-MG-005 XG-MG-006 Product code : XG-MO5: Product code : XG-M06 = e y Vin Color Option yr Color Option,needs_review
XG-MG-007,Mugs,18,XG-MG-007,,,,,,,,yy  i  { XG-MG-007 XG-MG-008 Color Option ail Color Option XG-MG-009 XG-MG-010 ee @ y Color Option Color Option tt XG-MG-011 XG-MG-012 ee y ee Color Option y Color Option,needs_review
XG-MG-008,Mugs,18,XG-MG-008,,,,,,,,yy  i  { XG-MG-007 XG-MG-008 Color Option ail Color Option XG-MG-009 XG-MG-010 ee @ y Color Option Color Option tt XG-MG-011 XG-MG-012 ee y ee Color Option y Color Option,needs_review
XG-MG-009,Mugs,18,XG-MG-009,,,,,,,,yy  i  { XG-MG-007 XG-MG-008 Color Option ail Color Option XG-MG-009 XG-MG-010 ee @ y Color Option Color Option tt XG-MG-011 XG-MG-012 ee y ee Color Option y Color Option,needs_review
XG-MG-010,Mugs,18,XG-MG-010,,,,,,,,yy  i  { XG-MG-007 XG-MG-008 Color Option ail Color Option XG-MG-009 XG-MG-010 ee @ y Color Option Color Option tt XG-MG-011 XG-MG-012 ee y ee Color Option y Color Option,needs_review
XG-MG-011,Mugs,18,XG-MG-011,,,,,,,,yy  i  { XG-MG-007 XG-MG-008 Color Option ail Color Option XG-MG-009 XG-MG-010 ee @ y Color Option Color Option tt XG-MG-011 XG-MG-012 ee y ee Color Option y Color Option,needs_review
XG-MG-012,Mugs,18,XG-MG-012,,,,,,,,yy  i  { XG-MG-007 XG-MG-008 Color Option ail Color Option XG-MG-009 XG-MG-010 ee @ y Color Option Color Option tt XG-MG-011 XG-MG-012 ee y ee Color Option y Color Option,needs_review
XG-MG-013,Mugs,19,XG-MG-013,,,,,,,,"- yy f f { \ XG-MG-013 XG-MG-014 : ece j e Color Option ail Color Option XG-MG-015 XG-MG-016 _ : = Color : MATT BLACK , Blue & white. ay SHIRE anal sn darkbhue , e e020 y Color Option Color Option tt XG-MG-017 XG-MG-018 —E—_— eo — ££ @@ = Color Option At Color Option",needs_review
XG-MG-014,Mugs,19,XG-MG-014,,,,,,,,"- yy f f { \ XG-MG-013 XG-MG-014 : ece j e Color Option ail Color Option XG-MG-015 XG-MG-016 _ : = Color : MATT BLACK , Blue & white. ay SHIRE anal sn darkbhue , e e020 y Color Option Color Option tt XG-MG-017 XG-MG-018 —E—_— eo — ££ @@ = Color Option At Color Option",needs_review
XG-MG-015,Mugs,19,XG-MG-015,,,,,,,,"- yy f f { \ XG-MG-013 XG-MG-014 : ece j e Color Option ail Color Option XG-MG-015 XG-MG-016 _ : = Color : MATT BLACK , Blue & white. ay SHIRE anal sn darkbhue , e e020 y Color Option Color Option tt XG-MG-017 XG-MG-018 —E—_— eo — ££ @@ = Color Option At Color Option",needs_review
XG-MG-016,Mugs,19,XG-MG-016,,,,,,,,"- yy f f { \ XG-MG-013 XG-MG-014 : ece j e Color Option ail Color Option XG-MG-015 XG-MG-016 _ : = Color : MATT BLACK , Blue & white. ay SHIRE anal sn darkbhue , e e020 y Color Option Color Option tt XG-MG-017 XG-MG-018 —E—_— eo — ££ @@ = Color Option At Color Option",needs_review
XG-MG-017,Mugs,19,XG-MG-017,,,,,,,,"13 XG-MG-014 : ece j e Color Option ail Color Option XG-MG-015 XG-MG-016 _ : = Color : MATT BLACK , Blue & white. ay SHIRE anal sn darkbhue , e e020 y Color Option Color Option tt XG-MG-017 XG-MG-018 —E—_— eo — ££ @@ = Color Option At Color Option",needs_review
XG-MG-018,Mugs,19,XG-MG-018,,,,,,,,"14 : ece j e Color Option ail Color Option XG-MG-015 XG-MG-016 _ : = Color : MATT BLACK , Blue & white. ay SHIRE anal sn darkbhue , e e020 y Color Option Color Option tt XG-MG-017 XG-MG-018 —E—_— eo — ££ @@ = Color Option At Color Option",needs_review
XG-MG-021,Mugs,20,XG-MG-021,,,,,,,,"fe  {  \ AGMG'0 9 GEM 029 A@, ee : e Color Option ail Color Option XG-MG-021 XG-MG-022  e y  Color Option Color Option tt XG-MG-023 XG-MG-024 e y e | Color Option A Color Option",needs_review
XG-MG-022,Mugs,20,XG-MG-022,,,,,,,,"fe  {  \ AGMG'0 9 GEM 029 A@, ee : e Color Option ail Color Option XG-MG-021 XG-MG-022  e y  Color Option Color Option tt XG-MG-023 XG-MG-024 e y e | Color Option A Color Option",needs_review
XG-MG-023,Mugs,20,XG-MG-023,,,,,,,,"fe  {  \ AGMG'0 9 GEM 029 A@, ee : e Color Option ail Color Option XG-MG-021 XG-MG-022  e y  Color Option Color Option tt XG-MG-023 XG-MG-024 e y e | Color Option A Color Option",needs_review
XG-MG-024,Mugs,20,XG-MG-024,,,,,,,,"fe  {  \ AGMG'0 9 GEM 029 A@, ee : e Color Option ail Color Option XG-MG-021 XG-MG-022  e y  Color Option Color Option tt XG-MG-023 XG-MG-024 e y e | Color Option A Color Option",needs_review
XG-MG-025,Mugs,21,XG-MG-025,,,,,,,,LL  y  yo  i  \ XG-MG-025 — XG-MG-026 e e Color Option a Color Option XG-MG-027 r=) XG-MG-028 e e \ y Color Option Color Option a XG-MG-029 XG-MG-030 ececcoee y e°@ Color Option A Color Option,needs_review
XG-MG-026,Mugs,21,XG-MG-026,,,,,,,,LL  y  yo  i  \ XG-MG-025 — XG-MG-026 e e Color Option a Color Option XG-MG-027 r=) XG-MG-028 e e \ y Color Option Color Option a XG-MG-029 XG-MG-030 ececcoee y e°@ Color Option A Color Option,needs_review
XG-MG-027,Mugs,21,XG-MG-027,,,,,,,,LL  y  yo  i  \ XG-MG-025 — XG-MG-026 e e Color Option a Color Option XG-MG-027 r=) XG-MG-028 e e \ y Color Option Color Option a XG-MG-029 XG-MG-030 ececcoee y e°@ Color Option A Color Option,needs_review
XG-MG-028,Mugs,21,XG-MG-028,,,,,,,,LL  y  yo  i  \ XG-MG-025 — XG-MG-026 e e Color Option a Color Option XG-MG-027 r=) XG-MG-028 e e \ y Color Option Color Option a XG-MG-029 XG-MG-030 ececcoee y e°@ Color Option A Color Option,needs_review
XG-MG-029,Mugs,21,XG-MG-029,,,,,,,,LL  y  yo  i  \ XG-MG-025 — XG-MG-026 e e Color Option a Color Option XG-MG-027 r=) XG-MG-028 e e \ y Color Option Color Option a XG-MG-029 XG-MG-030 ececcoee y e°@ Color Option A Color Option,needs_review
XG-MG-030,Mugs,21,XG-MG-030,,,,,,,,LL  y  yo  i  \ XG-MG-025 — XG-MG-026 e e Color Option a Color Option XG-MG-027 r=) XG-MG-028 e e \ y Color Option Color Option a XG-MG-029 XG-MG-030 ececcoee y e°@ Color Option A Color Option,needs_review
XG-MG-031,Mugs,22,XG-MG-031,,,,,,,,"fe { \ XG-MG-031 XG-MG-032 oe ee 9 olor BLK BLUE AND WHITE Color; Matt black, white & blue a a ee. @ : @@ Color Option all Color Option XG-MG-033 XG-MG-034 ee e0e a” Color Option Color Option tt XG-MG-035 XG-MG-036 e y e Color Option A Color Option",needs_review
XG-MG-032,Mugs,22,XG-MG-032,,,,,,,,"fe { \ XG-MG-031 XG-MG-032 oe ee 9 olor BLK BLUE AND WHITE Color; Matt black, white & blue a a ee. @ : @@ Color Option all Color Option XG-MG-033 XG-MG-034 ee e0e a” Color Option Color Option tt XG-MG-035 XG-MG-036 e y e Color Option A Color Option",needs_review
XG-MG-033,Mugs,22,XG-MG-033,,,,,,,,"fe { \ XG-MG-031 XG-MG-032 oe ee 9 olor BLK BLUE AND WHITE Color; Matt black, white & blue a a ee. @ : @@ Color Option all Color Option XG-MG-033 XG-MG-034 ee e0e a” Color Option Color Option tt XG-MG-035 XG-MG-036 e y e Color Option A Color Option",needs_review
XG-MG-034,Mugs,22,XG-MG-034,,,,,,,,"fe { \ XG-MG-031 XG-MG-032 oe ee 9 olor BLK BLUE AND WHITE Color; Matt black, white & blue a a ee. @ : @@ Color Option all Color Option XG-MG-033 XG-MG-034 ee e0e a” Color Option Color Option tt XG-MG-035 XG-MG-036 e y e Color Option A Color Option",needs_review
XG-MG-035,Mugs,22,XG-MG-035,,,,,,,,"1 XG-MG-032 oe ee 9 olor BLK BLUE AND WHITE Color; Matt black, white & blue a a ee. @ : @@ Color Option all Color Option XG-MG-033 XG-MG-034 ee e0e a” Color Option Color Option tt XG-MG-035 XG-MG-036 e y e Color Option A Color Option",needs_review
XG-MG-036,Mugs,22,XG-MG-036,,,,,,,,"2 oe ee 9 olor BLK BLUE AND WHITE Color; Matt black, white & blue a a ee. @ : @@ Color Option all Color Option XG-MG-033 XG-MG-034 ee e0e a” Color Option Color Option tt XG-MG-035 XG-MG-036 e y e Color Option A Color Option",needs_review
XG-MG-037,Mugs,23,XG-MG-037,,,,,,,,fe { \ XG-MG-037 = XG-MG-038 - e : e Color Option ail Color Option XG-MG-039 XG-MG-040 _  e eo ~ P Color Option Color Option tt XG-MG-041 XG-MG-042 e y e Color Option A Color Option,needs_review
XG-MG-038,Mugs,23,XG-MG-038,,,,,,,,fe { \ XG-MG-037 = XG-MG-038 - e : e Color Option ail Color Option XG-MG-039 XG-MG-040 _  e eo ~ P Color Option Color Option tt XG-MG-041 XG-MG-042 e y e Color Option A Color Option,needs_review
XG-MG-039,Mugs,23,XG-MG-039,,,,,,,,fe { \ XG-MG-037 = XG-MG-038 - e : e Color Option ail Color Option XG-MG-039 XG-MG-040 _  e eo ~ P Color Option Color Option tt XG-MG-041 XG-MG-042 e y e Color Option A Color Option,needs_review
XG-MG-040,Mugs,23,XG-MG-040,,,,,,,,fe { \ XG-MG-037 = XG-MG-038 - e : e Color Option ail Color Option XG-MG-039 XG-MG-040 _  e eo ~ P Color Option Color Option tt XG-MG-041 XG-MG-042 e y e Color Option A Color Option,needs_review
XG-MG-041,Mugs,23,XG-MG-041,,,,,,,,fe { \ XG-MG-037 = XG-MG-038 - e : e Color Option ail Color Option XG-MG-039 XG-MG-040 _  e eo ~ P Color Option Color Option tt XG-MG-041 XG-MG-042 e y e Color Option A Color Option,needs_review
XG-MG-042,Mugs,23,XG-MG-042,,,,,,,,fe { \ XG-MG-037 = XG-MG-038 - e : e Color Option ail Color Option XG-MG-039 XG-MG-040 _  e eo ~ P Color Option Color Option tt XG-MG-041 XG-MG-042 e y e Color Option A Color Option,needs_review
XG-MG-043,Mugs,24,XG-MG-043,,,,,,,,"EE —_~ y i \ y . XS = = wos XG-MG-043 \ XG-MG-044 (— e | e Color Option ; Color Option XG-MG-045 XG-MG-046 . anes F "" ——- my) e j Color Option Color Option f",needs_review
XG-MG-044,Mugs,24,XG-MG-044,,,,,,,,"EE —_~ y i \ y . XS = = wos XG-MG-043 \ XG-MG-044 (— e | e Color Option ; Color Option XG-MG-045 XG-MG-046 . anes F "" ——- my) e j Color Option Color Option f",needs_review
XG-MG-045,Mugs,24,XG-MG-045,,,,,,,,"EE —_~ y i \ y . XS = = wos XG-MG-043 \ XG-MG-044 (— e | e Color Option ; Color Option XG-MG-045 XG-MG-046 . anes F "" ——- my) e j Color Option Color Option f",needs_review
XG-MG-046,Mugs,24,XG-MG-046,,,,,,,,"EE —_~ y i \ y . XS = = wos XG-MG-043 \ XG-MG-044 (— e | e Color Option ; Color Option XG-MG-045 XG-MG-046 . anes F "" ——- my) e j Color Option Color Option f",needs_review
XG-NB-001,Notebooks,37,XG-NB-001,,,,,,,,"y f f | NOTEBOOK i ™ —_ XG-NB-001 2 XG-NB-002 2 Sie AS | Size: a8 ; | pnoes:200 paces: 200 al ee | | | ] rr f | — e e y e eo | Color Option — 4 Color Option ix XG-NB-003 XG-NB-004 SIZE: AB SIZE: A5 eS PAGES: 200 PAGES: 200 2 Tee, | oe Ee y Color Option ee Color Option ~ dl XG-NB-005 XG-NB-006 _ size a8 — aces 200 aces: 200 * -_ e e y @ ee — Color Option yy Color Option",needs_review
XG-NB-002,Notebooks,37,XG-NB-002,,,,,,,,"y f f | NOTEBOOK i ™ —_ XG-NB-001 2 XG-NB-002 2 Sie AS | Size: a8 ; | pnoes:200 paces: 200 al ee | | | ] rr f | — e e y e eo | Color Option — 4 Color Option ix XG-NB-003 XG-NB-004 SIZE: AB SIZE: A5 eS PAGES: 200 PAGES: 200 2 Tee, | oe Ee y Color Option ee Color Option ~ dl XG-NB-005 XG-NB-006 _ size a8 — aces 200 aces: 200 * -_ e e y @ ee — Color Option yy Color Option",needs_review
XG-NB-003,Notebooks,37,XG-NB-003,,,,,,,,"y f f | NOTEBOOK i ™ —_ XG-NB-001 2 XG-NB-002 2 Sie AS | Size: a8 ; | pnoes:200 paces: 200 al ee | | | ] rr f | — e e y e eo | Color Option — 4 Color Option ix XG-NB-003 XG-NB-004 SIZE: AB SIZE: A5 eS PAGES: 200 PAGES: 200 2 Tee, | oe Ee y Color Option ee Color Option ~ dl XG-NB-005 XG-NB-006 _ size a8 — aces 200 aces: 200 * -_ e e y @ ee — Color Option yy Color Option",needs_review
XG-NB-004,Notebooks,37,XG-NB-004,,,,,,,,"y f f | NOTEBOOK i ™ —_ XG-NB-001 2 XG-NB-002 2 Sie AS | Size: a8 ; | pnoes:200 paces: 200 al ee | | | ] rr f | — e e y e eo | Color Option — 4 Color Option ix XG-NB-003 XG-NB-004 SIZE: AB SIZE: A5 eS PAGES: 200 PAGES: 200 2 Tee, | oe Ee y Color Option ee Color Option ~ dl XG-NB-005 XG-NB-006 _ size a8 — aces 200 aces: 200 * -_ e e y @ ee — Color Option yy Color Option",needs_review
XG-NB-005,Notebooks,37,XG-NB-005,,,,,,,,"ee | | | ] rr f | — e e y e eo | Color Option — 4 Color Option ix XG-NB-003 XG-NB-004 SIZE: AB SIZE: A5 eS PAGES: 200 PAGES: 200 2 Tee, | oe Ee y Color Option ee Color Option ~ dl XG-NB-005 XG-NB-006 _ size a8 — aces 200 aces: 200 * -_ e e y @ ee — Color Option yy Color Option",needs_review
XG-NB-006,Notebooks,37,XG-NB-006,,,,,,,,"rr f | — e e y e eo | Color Option — 4 Color Option ix XG-NB-003 XG-NB-004 SIZE: AB SIZE: A5 eS PAGES: 200 PAGES: 200 2 Tee, | oe Ee y Color Option ee Color Option ~ dl XG-NB-005 XG-NB-006 _ size a8 — aces 200 aces: 200 * -_ e e y @ ee — Color Option yy Color Option",needs_review
XG-NB-007,Notebooks,38,XG-NB-007,,,,,,,,"y f & | ! NOTEBOOK i ~ == ci XG-NB-007 XG-NB-008 SIZE: AS 5 | size: AS - smetRute | siescedul = ee fF y e >» | is Color Option A Color Option XG-NB-009 XG-NB-010 aces 200 aces: 200 a TYPE: RULED _— TYPE: RULED a P | er) ee —_ y y e e E | ec0e | y Color Option Color Option — XG-NB-011 XG-NB-012 PAGES: 200 PAGES: 200 = TYPE: RULED TYPE:RULED e @ y © ee i =, Golor Option Color Option",needs_review
XG-NB-008,Notebooks,38,XG-NB-008,,,,,,,,"y f & | ! NOTEBOOK i ~ == ci XG-NB-007 XG-NB-008 SIZE: AS 5 | size: AS - smetRute | siescedul = ee fF y e >» | is Color Option A Color Option XG-NB-009 XG-NB-010 aces 200 aces: 200 a TYPE: RULED _— TYPE: RULED a P | er) ee —_ y y e e E | ec0e | y Color Option Color Option — XG-NB-011 XG-NB-012 PAGES: 200 PAGES: 200 = TYPE: RULED TYPE:RULED e @ y © ee i =, Golor Option Color Option",needs_review
XG-NB-009,Notebooks,38,XG-NB-009,,,,,,,,"y f & | ! NOTEBOOK i ~ == ci XG-NB-007 XG-NB-008 SIZE: AS 5 | size: AS - smetRute | siescedul = ee fF y e >» | is Color Option A Color Option XG-NB-009 XG-NB-010 aces 200 aces: 200 a TYPE: RULED _— TYPE: RULED a P | er) ee —_ y y e e E | ec0e | y Color Option Color Option — XG-NB-011 XG-NB-012 PAGES: 200 PAGES: 200 = TYPE: RULED TYPE:RULED e @ y © ee i =, Golor Option Color Option",needs_review
XG-NB-010,Notebooks,38,XG-NB-010,,,,,,,,"y f & | ! NOTEBOOK i ~ == ci XG-NB-007 XG-NB-008 SIZE: AS 5 | size: AS - smetRute | siescedul = ee fF y e >» | is Color Option A Color Option XG-NB-009 XG-NB-010 aces 200 aces: 200 a TYPE: RULED _— TYPE: RULED a P | er) ee —_ y y e e E | ec0e | y Color Option Color Option — XG-NB-011 XG-NB-012 PAGES: 200 PAGES: 200 = TYPE: RULED TYPE:RULED e @ y © ee i =, Golor Option Color Option",needs_review
XG-NB-011,Notebooks,38,XG-NB-011,,,,,,,,"ee fF y e >» | is Color Option A Color Option XG-NB-009 XG-NB-010 aces 200 aces: 200 a TYPE: RULED _— TYPE: RULED a P | er) ee —_ y y e e E | ec0e | y Color Option Color Option — XG-NB-011 XG-NB-012 PAGES: 200 PAGES: 200 = TYPE: RULED TYPE:RULED e @ y © ee i =, Golor Option Color Option",needs_review
XG-NB-012,Notebooks,38,XG-NB-012,,,,,,,,">» | is Color Option A Color Option XG-NB-009 XG-NB-010 aces 200 aces: 200 a TYPE: RULED _— TYPE: RULED a P | er) ee —_ y y e e E | ec0e | y Color Option Color Option — XG-NB-011 XG-NB-012 PAGES: 200 PAGES: 200 = TYPE: RULED TYPE:RULED e @ y © ee i =, Golor Option Color Option",needs_review
XG-NB-013,Notebooks,39,XG-NB-013,,,,,,,,"LEE f | NOTEBOOK \ XG-NB-013 XG-NB-014 SIZE: AS i, SIZE: AS TYPE: RULED. be TYPE: RULED @ e6 {  @ 608 ai Color Option _ Color Option XG-NB-O15 XG-NB-016 TYPE: RULED ah TYPE: RULED. e@ ee ec0e ie y Color Option Color Option yr XG-NB-017 XG-NB-018 ee | — e ee i Color Option y Color Option a",needs_review
XG-NB-014,Notebooks,39,XG-NB-014,,,,,,,,"LEE f | NOTEBOOK \ XG-NB-013 XG-NB-014 SIZE: AS i, SIZE: AS TYPE: RULED. be TYPE: RULED @ e6 {  @ 608 ai Color Option _ Color Option XG-NB-O15 XG-NB-016 TYPE: RULED ah TYPE: RULED. e@ ee ec0e ie y Color Option Color Option yr XG-NB-017 XG-NB-018 ee | — e ee i Color Option y Color Option a",needs_review
XG-NB-016,Notebooks,39,XG-NB-016,,,,,,,,"LEE f | NOTEBOOK \ XG-NB-013 XG-NB-014 SIZE: AS i, SIZE: AS TYPE: RULED. be TYPE: RULED @ e6 {  @ 608 ai Color Option _ Color Option XG-NB-O15 XG-NB-016 TYPE: RULED ah TYPE: RULED. e@ ee ec0e ie y Color Option Color Option yr XG-NB-017 XG-NB-018 ee | — e ee i Color Option y Color Option a",needs_review
XG-NB-017,Notebooks,39,XG-NB-017,,,,,,,,"S i, SIZE: AS TYPE: RULED. be TYPE: RULED @ e6 {  @ 608 ai Color Option _ Color Option XG-NB-O15 XG-NB-016 TYPE: RULED ah TYPE: RULED. e@ ee ec0e ie y Color Option Color Option yr XG-NB-017 XG-NB-018 ee | — e ee i Color Option y Color Option a",needs_review
XG-NB-018,Notebooks,39,XG-NB-018,,,,,,,,AS TYPE: RULED. be TYPE: RULED @ e6 {  @ 608 ai Color Option _ Color Option XG-NB-O15 XG-NB-016 TYPE: RULED ah TYPE: RULED. e@ ee ec0e ie y Color Option Color Option yr XG-NB-017 XG-NB-018 ee | — e ee i Color Option y Color Option a,needs_review
XG-NB-019,Notebooks,40,XG-NB-019,,,,,,,,"f  f  | NOTEBOOK  f  ™ <i XG-NB-019 XG-NB-020 SIZE: AS. ‘SIZE: AS £ Sa Color Option A Color Option XG-NB-021 XG-NB-022 eee 1.6 eee = , Color Option - Color Option _ y XG-NB-023 XG-NB-024 ® o ” , eT) A Color Option",needs_review
XG-NB-020,Notebooks,40,XG-NB-020,,,,,,,,"f  f  | NOTEBOOK  f  ™ <i XG-NB-019 XG-NB-020 SIZE: AS. ‘SIZE: AS £ Sa Color Option A Color Option XG-NB-021 XG-NB-022 eee 1.6 eee = , Color Option - Color Option _ y XG-NB-023 XG-NB-024 ® o ” , eT) A Color Option",needs_review
XG-NB-021,Notebooks,40,XG-NB-021,,,,,,,,"f  f  | NOTEBOOK  f  ™ <i XG-NB-019 XG-NB-020 SIZE: AS. ‘SIZE: AS £ Sa Color Option A Color Option XG-NB-021 XG-NB-022 eee 1.6 eee = , Color Option - Color Option _ y XG-NB-023 XG-NB-024 ® o ” , eT) A Color Option",needs_review
XG-NB-022,Notebooks,40,XG-NB-022,,,,,,,,"f  f  | NOTEBOOK  f  ™ <i XG-NB-019 XG-NB-020 SIZE: AS. ‘SIZE: AS £ Sa Color Option A Color Option XG-NB-021 XG-NB-022 eee 1.6 eee = , Color Option - Color Option _ y XG-NB-023 XG-NB-024 ® o ” , eT) A Color Option",needs_review
XG-NB-023,Notebooks,40,XG-NB-023,,,,,,,,"f  f  | NOTEBOOK  f  ™ <i XG-NB-019 XG-NB-020 SIZE: AS. ‘SIZE: AS £ Sa Color Option A Color Option XG-NB-021 XG-NB-022 eee 1.6 eee = , Color Option - Color Option _ y XG-NB-023 XG-NB-024 ® o ” , eT) A Color Option",needs_review
XG-NB-024,Notebooks,40,XG-NB-024,,,,,,,,"f  f  | NOTEBOOK  f  ™ <i XG-NB-019 XG-NB-020 SIZE: AS. ‘SIZE: AS £ Sa Color Option A Color Option XG-NB-021 XG-NB-022 eee 1.6 eee = , Color Option - Color Option _ y XG-NB-023 XG-NB-024 ® o ” , eT) A Color Option",needs_review
XG-NB-025,Notebooks,41,XG-NB-025,,,,,,,,| NOTEBOOK X = 2a XG-NB-025 XG-NB-026 = e . e e@ Color Option Color Option,needs_review
XG-NB-026,Notebooks,41,XG-NB-026,,,,,,,,| NOTEBOOK X = 2a XG-NB-025 XG-NB-026 = e . e e@ Color Option Color Option,needs_review
XG-MP-001,Pens,33,XG-MP-001,,,,,,,,y y/ & { \ XG-MP-001 XG-EL-002 e / y eco Color Option tt Color Option XG-MP-003 XG-MP-004 / ee / e 7 Color Option Color Option y XG-MP-005 a XG-MP-006 os ‘Style type: twist y Style type: twist eco / eee e / Color Option yr Color Option,needs_review
XG-MP-003,Pens,33,XG-MP-003,,,,,,,,y y/ & { \ XG-MP-001 XG-EL-002 e / y eco Color Option tt Color Option XG-MP-003 XG-MP-004 / ee / e 7 Color Option Color Option y XG-MP-005 a XG-MP-006 os ‘Style type: twist y Style type: twist eco / eee e / Color Option yr Color Option,needs_review
XG-MP-004,Pens,33,XG-MP-004,,,,,,,,y y/ & { \ XG-MP-001 XG-EL-002 e / y eco Color Option tt Color Option XG-MP-003 XG-MP-004 / ee / e 7 Color Option Color Option y XG-MP-005 a XG-MP-006 os ‘Style type: twist y Style type: twist eco / eee e / Color Option yr Color Option,needs_review
XG-MP-005,Pens,33,XG-MP-005,,,,,,,,y y/ & { \ XG-MP-001 XG-EL-002 e / y eco Color Option tt Color Option XG-MP-003 XG-MP-004 / ee / e 7 Color Option Color Option y XG-MP-005 a XG-MP-006 os ‘Style type: twist y Style type: twist eco / eee e / Color Option yr Color Option,needs_review
XG-MP-006,Pens,33,XG-MP-006,,,,,,,,y y/ & { \ XG-MP-001 XG-EL-002 e / y eco Color Option tt Color Option XG-MP-003 XG-MP-004 / ee / e 7 Color Option Color Option y XG-MP-005 a XG-MP-006 os ‘Style type: twist y Style type: twist eco / eee e / Color Option yr Color Option,needs_review
XG-MP-007,Pens,34,XG-MP-007,,,,,,,,y y/ & { \ XG-MP-007 XG-EL-008 Color Option tt Color Option XG-MP-009 XG-MP-010 pp ee / eo / y Color Option Color Option y XG-MP-011 XG-MP-012 . ee / eco 6 / Color Option it Color Option,needs_review
XG-MP-009,Pens,34,XG-MP-009,,,,,,,,y y/ & { \ XG-MP-007 XG-EL-008 Color Option tt Color Option XG-MP-009 XG-MP-010 pp ee / eo / y Color Option Color Option y XG-MP-011 XG-MP-012 . ee / eco 6 / Color Option it Color Option,needs_review
XG-MP-010,Pens,34,XG-MP-010,,,,,,,,y y/ & { \ XG-MP-007 XG-EL-008 Color Option tt Color Option XG-MP-009 XG-MP-010 pp ee / eo / y Color Option Color Option y XG-MP-011 XG-MP-012 . ee / eco 6 / Color Option it Color Option,needs_review
XG-MP-011,Pens,34,XG-MP-011,,,,,,,,y y/ & { \ XG-MP-007 XG-EL-008 Color Option tt Color Option XG-MP-009 XG-MP-010 pp ee / eo / y Color Option Color Option y XG-MP-011 XG-MP-012 . ee / eco 6 / Color Option it Color Option,needs_review
XG-MP-012,Pens,34,XG-MP-012,,,,,,,,y y/ & { \ XG-MP-007 XG-EL-008 Color Option tt Color Option XG-MP-009 XG-MP-010 pp ee / eo / y Color Option Color Option y XG-MP-011 XG-MP-012 . ee / eco 6 / Color Option it Color Option,needs_review
XG-MP-013,Pens,35,XG-MP-013,,,,,,,,y y/ &  '  i XG-MP-013 XG-EL-014 Color Option dt Color Option XG-MP-015 se XG-MP-016 eo / e uv y Color Option Color Option y XG-MP-017 XG-MP-018 Product code : XG-MP-17 ‘Product code : XG-MP-18- > e / i Color Option it Color Option,needs_review
XG-MP-015,Pens,35,XG-MP-015,,,,,,,,y y/ &  '  i XG-MP-013 XG-EL-014 Color Option dt Color Option XG-MP-015 se XG-MP-016 eo / e uv y Color Option Color Option y XG-MP-017 XG-MP-018 Product code : XG-MP-17 ‘Product code : XG-MP-18- > e / i Color Option it Color Option,needs_review
XG-MP-016,Pens,35,XG-MP-016,,,,,,,,y y/ &  '  i XG-MP-013 XG-EL-014 Color Option dt Color Option XG-MP-015 se XG-MP-016 eo / e uv y Color Option Color Option y XG-MP-017 XG-MP-018 Product code : XG-MP-17 ‘Product code : XG-MP-18- > e / i Color Option it Color Option,needs_review
XG-MP-017,Pens,35,XG-MP-017,,,,,,,,y y/ &  '  i XG-MP-013 XG-EL-014 Color Option dt Color Option XG-MP-015 se XG-MP-016 eo / e uv y Color Option Color Option y XG-MP-017 XG-MP-018 Product code : XG-MP-17 ‘Product code : XG-MP-18- > e / i Color Option it Color Option,needs_review
XG-MP-018,Pens,35,XG-MP-018,,,,,,,,y y/ &  '  i XG-MP-013 XG-EL-014 Color Option dt Color Option XG-MP-015 se XG-MP-016 eo / e uv y Color Option Color Option y XG-MP-017 XG-MP-018 Product code : XG-MP-17 ‘Product code : XG-MP-18- > e / i Color Option it Color Option,needs_review
XG-MP-019,Pens,36,XG-MP-019,,,,,,,,‘muo#ra’ = PENS XG-MP-019 XG-MP-020 ' | eoccce e Color Option Color Option XG-MP-021 s 5-MP-21 y UJ Color Option.,needs_review
XG-MP-020,Pens,36,XG-MP-020,,,,,,,,‘muo#ra’ = PENS XG-MP-019 XG-MP-020 ' | eoccce e Color Option Color Option XG-MP-021 s 5-MP-21 y UJ Color Option.,needs_review
XG-MP-021,Pens,36,XG-MP-021,,,,,,,,‘muo#ra’ = PENS XG-MP-019 XG-MP-020 ' | eoccce e Color Option Color Option XG-MP-021 s 5-MP-21 y UJ Color Option.,needs_review
XG-BT-001,Water Bottles,3,XG-BT-001,,,,,,,,"lie  |  |  \  \ XG-BT-001 XG-BT-002 } | “= ai / oe A Color Option yy Color Option XG-BT-003 4 XG-BT-004 = | sce i Color Option = Color Option "" XG-BT-005 XG-BT-006  code: X6-005 of Product code :XG-006 e e & y e@ ee % Color Option aa Color Option",needs_review
XG-BT-002,Water Bottles,3,XG-BT-002,,,,,,,,"lie  |  |  \  \ XG-BT-001 XG-BT-002 } | “= ai / oe A Color Option yy Color Option XG-BT-003 4 XG-BT-004 = | sce i Color Option = Color Option "" XG-BT-005 XG-BT-006  code: X6-005 of Product code :XG-006 e e & y e@ ee % Color Option aa Color Option",needs_review
XG-BT-003,Water Bottles,3,XG-BT-003,,,,,,,,"lie  |  |  \  \ XG-BT-001 XG-BT-002 } | “= ai / oe A Color Option yy Color Option XG-BT-003 4 XG-BT-004 = | sce i Color Option = Color Option "" XG-BT-005 XG-BT-006  code: X6-005 of Product code :XG-006 e e & y e@ ee % Color Option aa Color Option",needs_review
XG-BT-004,Water Bottles,3,XG-BT-004,,,,,,,,"lie  |  |  \  \ XG-BT-001 XG-BT-002 } | “= ai / oe A Color Option yy Color Option XG-BT-003 4 XG-BT-004 = | sce i Color Option = Color Option "" XG-BT-005 XG-BT-006  code: X6-005 of Product code :XG-006 e e & y e@ ee % Color Option aa Color Option",needs_review
XG-BT-005,Water Bottles,3,XG-BT-005,,,,,,,,"lie  |  |  \  \ XG-BT-001 XG-BT-002 } | “= ai / oe A Color Option yy Color Option XG-BT-003 4 XG-BT-004 = | sce i Color Option = Color Option "" XG-BT-005 XG-BT-006  code: X6-005 of Product code :XG-006 e e & y e@ ee % Color Option aa Color Option",needs_review
XG-BT-006,Water Bottles,3,XG-BT-006,,,,,,,,"lie  |  |  \  \ XG-BT-001 XG-BT-002 } | “= ai / oe A Color Option yy Color Option XG-BT-003 4 XG-BT-004 = | sce i Color Option = Color Option "" XG-BT-005 XG-BT-006  code: X6-005 of Product code :XG-006 e e & y e@ ee % Color Option aa Color Option",needs_review
XG-BT-007,Water Bottles,4,XG-BT-007,,,,,,,,"y  |  |  |  \  i XG-BT-007 He XG-BT-008 P  SLED YL eo :  Color Option SAS 4 Color Option a XG-BT-009 P XG-BT-010 3 Color Option = Color Option. "" XG-BT-011 uy XG-BT-012 e & fe S Color Option y Color Option",needs_review
XG-BT-008,Water Bottles,4,XG-BT-008,,,,,,,,"y  |  |  |  \  i XG-BT-007 He XG-BT-008 P  SLED YL eo :  Color Option SAS 4 Color Option a XG-BT-009 P XG-BT-010 3 Color Option = Color Option. "" XG-BT-011 uy XG-BT-012 e & fe S Color Option y Color Option",needs_review
XG-BT-009,Water Bottles,4,XG-BT-009,,,,,,,,"y  |  |  |  \  i XG-BT-007 He XG-BT-008 P  SLED YL eo :  Color Option SAS 4 Color Option a XG-BT-009 P XG-BT-010 3 Color Option = Color Option. "" XG-BT-011 uy XG-BT-012 e & fe S Color Option y Color Option",needs_review
XG-BT-010,Water Bottles,4,XG-BT-010,,,,,,,,"y  |  |  |  \  i XG-BT-007 He XG-BT-008 P  SLED YL eo :  Color Option SAS 4 Color Option a XG-BT-009 P XG-BT-010 3 Color Option = Color Option. "" XG-BT-011 uy XG-BT-012 e & fe S Color Option y Color Option",needs_review
XG-BT-011,Water Bottles,4,XG-BT-011,,,,,,,,"y  |  |  |  \  i XG-BT-007 He XG-BT-008 P  SLED YL eo :  Color Option SAS 4 Color Option a XG-BT-009 P XG-BT-010 3 Color Option = Color Option. "" XG-BT-011 uy XG-BT-012 e & fe S Color Option y Color Option",needs_review
XG-BT-012,Water Bottles,4,XG-BT-012,,,,,,,,"y  |  |  |  \  i XG-BT-007 He XG-BT-008 P  SLED YL eo :  Color Option SAS 4 Color Option a XG-BT-009 P XG-BT-010 3 Color Option = Color Option. "" XG-BT-011 uy XG-BT-012 e & fe S Color Option y Color Option",needs_review
XG-BT-013,Water Bottles,5,XG-BT-013,,,,,,,,le  |  |  |  \  i XG-BT-013 XG-BT-014 Color Option P /f Color Option XG-BT-015 : XG-BT-016 = Gl 2S / Color Option = Color Option y XG-BT-017 i} XG-BT-018 Product code : XG-O17 > Product code : 6-018 Color Option i 4 Color Option,needs_review
XG-BT-014,Water Bottles,5,XG-BT-014,,,,,,,,le  |  |  |  \  i XG-BT-013 XG-BT-014 Color Option P /f Color Option XG-BT-015 : XG-BT-016 = Gl 2S / Color Option = Color Option y XG-BT-017 i} XG-BT-018 Product code : XG-O17 > Product code : 6-018 Color Option i 4 Color Option,needs_review
XG-BT-015,Water Bottles,5,XG-BT-015,,,,,,,,le  |  |  |  \  i XG-BT-013 XG-BT-014 Color Option P /f Color Option XG-BT-015 : XG-BT-016 = Gl 2S / Color Option = Color Option y XG-BT-017 i} XG-BT-018 Product code : XG-O17 > Product code : 6-018 Color Option i 4 Color Option,needs_review
XG-BT-016,Water Bottles,5,XG-BT-016,,,,,,,,le  |  |  |  \  i XG-BT-013 XG-BT-014 Color Option P /f Color Option XG-BT-015 : XG-BT-016 = Gl 2S / Color Option = Color Option y XG-BT-017 i} XG-BT-018 Product code : XG-O17 > Product code : 6-018 Color Option i 4 Color Option,needs_review
XG-BT-017,Water Bottles,5,XG-BT-017,,,,,,,,le  |  |  |  \  i XG-BT-013 XG-BT-014 Color Option P /f Color Option XG-BT-015 : XG-BT-016 = Gl 2S / Color Option = Color Option y XG-BT-017 i} XG-BT-018 Product code : XG-O17 > Product code : 6-018 Color Option i 4 Color Option,needs_review
XG-BT-018,Water Bottles,5,XG-BT-018,,,,,,,,le  |  |  |  \  i XG-BT-013 XG-BT-014 Color Option P /f Color Option XG-BT-015 : XG-BT-016 = Gl 2S / Color Option = Color Option y XG-BT-017 i} XG-BT-018 Product code : XG-O17 > Product code : 6-018 Color Option i 4 Color Option,needs_review
XG-BT-019,Water Bottles,6,XG-BT-019,,,,,,,,|  |  |  i XG-BT-019 XG-BT-020 sain Color Option y Color Option XG-BT-021 XG-BT-022  J \  @o0 S e ( y Color Option _ Color Option e y XG-BT-023 XG-BT-024 I Color Option < Color Option ~—,needs_review
XG-BT-020,Water Bottles,6,XG-BT-020,,,,,,,,|  |  |  i XG-BT-019 XG-BT-020 sain Color Option y Color Option XG-BT-021 XG-BT-022  J \  @o0 S e ( y Color Option _ Color Option e y XG-BT-023 XG-BT-024 I Color Option < Color Option ~—,needs_review
XG-BT-021,Water Bottles,6,XG-BT-021,,,,,,,,|  |  |  i XG-BT-019 XG-BT-020 sain Color Option y Color Option XG-BT-021 XG-BT-022  J \  @o0 S e ( y Color Option _ Color Option e y XG-BT-023 XG-BT-024 I Color Option < Color Option ~—,needs_review
XG-BT-022,Water Bottles,6,XG-BT-022,,,,,,,,|  |  |  i XG-BT-019 XG-BT-020 sain Color Option y Color Option XG-BT-021 XG-BT-022  J \  @o0 S e ( y Color Option _ Color Option e y XG-BT-023 XG-BT-024 I Color Option < Color Option ~—,needs_review
XG-BT-023,Water Bottles,6,XG-BT-023,,,,,,,,|  |  |  i XG-BT-019 XG-BT-020 sain Color Option y Color Option XG-BT-021 XG-BT-022  J \  @o0 S e ( y Color Option _ Color Option e y XG-BT-023 XG-BT-024 I Color Option < Color Option ~—,needs_review
XG-BT-024,Water Bottles,6,XG-BT-024,,,,,,,,|  |  |  i XG-BT-019 XG-BT-020 sain Color Option y Color Option XG-BT-021 XG-BT-022  J \  @o0 S e ( y Color Option _ Color Option e y XG-BT-023 XG-BT-024 I Color Option < Color Option ~—,needs_review
XG-BT-031,Water Bottles,7,XG-BT-031,,,,,,,,le  |  |  |  \ XG-BT-031 7 XG-BT-032 Bi Color Option y Color Option —_— XG-BT-033 i XG-BT-034 ‘ft  coo & e y Color Option Color Option = « XG-BT-035 XG-BT-036 : Product code: X6-035 black oduct code: xO-036 iS | J an. Ss / ee i  Color Option y Color Option,needs_review
XG-BT-032,Water Bottles,7,XG-BT-032,,,,,,,,le  |  |  |  \ XG-BT-031 7 XG-BT-032 Bi Color Option y Color Option —_— XG-BT-033 i XG-BT-034 ‘ft  coo & e y Color Option Color Option = « XG-BT-035 XG-BT-036 : Product code: X6-035 black oduct code: xO-036 iS | J an. Ss / ee i  Color Option y Color Option,needs_review
XG-BT-033,Water Bottles,7,XG-BT-033,,,,,,,,le  |  |  |  \ XG-BT-031 7 XG-BT-032 Bi Color Option y Color Option —_— XG-BT-033 i XG-BT-034 ‘ft  coo & e y Color Option Color Option = « XG-BT-035 XG-BT-036 : Product code: X6-035 black oduct code: xO-036 iS | J an. Ss / ee i  Color Option y Color Option,needs_review
XG-BT-034,Water Bottles,7,XG-BT-034,,,,,,,,le  |  |  |  \ XG-BT-031 7 XG-BT-032 Bi Color Option y Color Option —_— XG-BT-033 i XG-BT-034 ‘ft  coo & e y Color Option Color Option = « XG-BT-035 XG-BT-036 : Product code: X6-035 black oduct code: xO-036 iS | J an. Ss / ee i  Color Option y Color Option,needs_review
XG-BT-035,Water Bottles,7,XG-BT-035,,,,,,,,le  |  |  |  \ XG-BT-031 7 XG-BT-032 Bi Color Option y Color Option —_— XG-BT-033 i XG-BT-034 ‘ft  coo & e y Color Option Color Option = « XG-BT-035 XG-BT-036 : Product code: X6-035 black oduct code: xO-036 iS | J an. Ss / ee i  Color Option y Color Option,needs_review
XG-BT-036,Water Bottles,7,XG-BT-036,,,,,,,,le  |  |  |  \ XG-BT-031 7 XG-BT-032 Bi Color Option y Color Option —_— XG-BT-033 i XG-BT-034 ‘ft  coo & e y Color Option Color Option = « XG-BT-035 XG-BT-036 : Product code: X6-035 black oduct code: xO-036 iS | J an. Ss / ee i  Color Option y Color Option,needs_review
XG-BT-037,Water Bottles,8,XG-BT-037,,,,,,,,’  |  (  \  i XG-BT-037 XG-BT-038 ‘Material : 304. Vaccum insulated 3 Material : 304. Vaccum insulated woter  ; ‘ ™  Color Option = y Color Option e — XG-BT-039 XG-BT-040 I) a )= y Color Option Color Option y XG-BT-041 f| XG-BT-042 Color Option. y Color Option,needs_review
XG-BT-038,Water Bottles,8,XG-BT-038,,,,,,,,’  |  (  \  i XG-BT-037 XG-BT-038 ‘Material : 304. Vaccum insulated 3 Material : 304. Vaccum insulated woter  ; ‘ ™  Color Option = y Color Option e — XG-BT-039 XG-BT-040 I) a )= y Color Option Color Option y XG-BT-041 f| XG-BT-042 Color Option. y Color Option,needs_review
XG-BT-039,Water Bottles,8,XG-BT-039,,,,,,,,’  |  (  \  i XG-BT-037 XG-BT-038 ‘Material : 304. Vaccum insulated 3 Material : 304. Vaccum insulated woter  ; ‘ ™  Color Option = y Color Option e — XG-BT-039 XG-BT-040 I) a )= y Color Option Color Option y XG-BT-041 f| XG-BT-042 Color Option. y Color Option,needs_review
XG-BT-040,Water Bottles,8,XG-BT-040,,,,,,,,’  |  (  \  i XG-BT-037 XG-BT-038 ‘Material : 304. Vaccum insulated 3 Material : 304. Vaccum insulated woter  ; ‘ ™  Color Option = y Color Option e — XG-BT-039 XG-BT-040 I) a )= y Color Option Color Option y XG-BT-041 f| XG-BT-042 Color Option. y Color Option,needs_review
XG-BT-041,Water Bottles,8,XG-BT-041,,,,,,,,-038 ‘Material : 304. Vaccum insulated 3 Material : 304. Vaccum insulated woter  ; ‘ ™  Color Option = y Color Option e — XG-BT-039 XG-BT-040 I) a )= y Color Option Color Option y XG-BT-041 f| XG-BT-042 Color Option. y Color Option,needs_review
XG-BT-042,Water Bottles,8,XG-BT-042,,,,,,,,l : 304. Vaccum insulated 3 Material : 304. Vaccum insulated woter  ; ‘ ™  Color Option = y Color Option e — XG-BT-039 XG-BT-040 I) a )= y Color Option Color Option y XG-BT-041 f| XG-BT-042 Color Option. y Color Option,needs_review
XG-BT-043,Water Bottles,9,XG-BT-043,,,,,,,,’  |  (  \  i XG-BT-043 | XG-BT-044 coo & } { e80@ m Color Option e y Color Option & ia XG-BT-045 XG-BT-046  q  ee 2 ee i] y Color Option Color Option y XG-BT-047 ; XG-BT-048  @) © eee y eo. / Color Option. 4 y Color Option i) sina,needs_review
XG-BT-044,Water Bottles,9,XG-BT-044,,,,,,,,’  |  (  \  i XG-BT-043 | XG-BT-044 coo & } { e80@ m Color Option e y Color Option & ia XG-BT-045 XG-BT-046  q  ee 2 ee i] y Color Option Color Option y XG-BT-047 ; XG-BT-048  @) © eee y eo. / Color Option. 4 y Color Option i) sina,needs_review
XG-BT-045,Water Bottles,9,XG-BT-045,,,,,,,,’  |  (  \  i XG-BT-043 | XG-BT-044 coo & } { e80@ m Color Option e y Color Option & ia XG-BT-045 XG-BT-046  q  ee 2 ee i] y Color Option Color Option y XG-BT-047 ; XG-BT-048  @) © eee y eo. / Color Option. 4 y Color Option i) sina,needs_review
XG-BT-046,Water Bottles,9,XG-BT-046,,,,,,,,’  |  (  \  i XG-BT-043 | XG-BT-044 coo & } { e80@ m Color Option e y Color Option & ia XG-BT-045 XG-BT-046  q  ee 2 ee i] y Color Option Color Option y XG-BT-047 ; XG-BT-048  @) © eee y eo. / Color Option. 4 y Color Option i) sina,needs_review
XG-BT-047,Water Bottles,9,XG-BT-047,,,,,,,,’  |  (  \  i XG-BT-043 | XG-BT-044 coo & } { e80@ m Color Option e y Color Option & ia XG-BT-045 XG-BT-046  q  ee 2 ee i] y Color Option Color Option y XG-BT-047 ; XG-BT-048  @) © eee y eo. / Color Option. 4 y Color Option i) sina,needs_review
XG-BT-048,Water Bottles,9,XG-BT-048,,,,,,,,’  |  (  \  i XG-BT-043 | XG-BT-044 coo & } { e80@ m Color Option e y Color Option & ia XG-BT-045 XG-BT-046  q  ee 2 ee i] y Color Option Color Option y XG-BT-047 ; XG-BT-048  @) © eee y eo. / Color Option. 4 y Color Option i) sina,needs_review
XG-BT-049,Water Bottles,10,XG-BT-049,,,,,,,,y  ’  |  (  \  i XG-BT-049 XG-BT-050 Product code : -xG-043 Product code: x-044_ |_|  / =  “8 y | Color Option w 4 Color Option a XG-BT-051 XG-BT-052 oo @ 8 Color Option Color Option y XG-BT-053 XG-BT-054 Color Option. y Color Option,needs_review
XG-BT-050,Water Bottles,10,XG-BT-050,,,,,,,,y  ’  |  (  \  i XG-BT-049 XG-BT-050 Product code : -xG-043 Product code: x-044_ |_|  / =  “8 y | Color Option w 4 Color Option a XG-BT-051 XG-BT-052 oo @ 8 Color Option Color Option y XG-BT-053 XG-BT-054 Color Option. y Color Option,needs_review
XG-BT-051,Water Bottles,10,XG-BT-051,,,,,,,,y  ’  |  (  \  i XG-BT-049 XG-BT-050 Product code : -xG-043 Product code: x-044_ |_|  / =  “8 y | Color Option w 4 Color Option a XG-BT-051 XG-BT-052 oo @ 8 Color Option Color Option y XG-BT-053 XG-BT-054 Color Option. y Color Option,needs_review
XG-BT-052,Water Bottles,10,XG-BT-052,,,,,,,,y  ’  |  (  \  i XG-BT-049 XG-BT-050 Product code : -xG-043 Product code: x-044_ |_|  / =  “8 y | Color Option w 4 Color Option a XG-BT-051 XG-BT-052 oo @ 8 Color Option Color Option y XG-BT-053 XG-BT-054 Color Option. y Color Option,needs_review
XG-BT-053,Water Bottles,10,XG-BT-053,,,,,,,,|  (  \  i XG-BT-049 XG-BT-050 Product code : -xG-043 Product code: x-044_ |_|  / =  “8 y | Color Option w 4 Color Option a XG-BT-051 XG-BT-052 oo @ 8 Color Option Color Option y XG-BT-053 XG-BT-054 Color Option. y Color Option,needs_review
XG-BT-054,Water Bottles,10,XG-BT-054,,,,,,,,i XG-BT-049 XG-BT-050 Product code : -xG-043 Product code: x-044_ |_|  / =  “8 y | Color Option w 4 Color Option a XG-BT-051 XG-BT-052 oo @ 8 Color Option Color Option y XG-BT-053 XG-BT-054 Color Option. y Color Option,needs_review
XG-BT-055,Water Bottles,11,XG-BT-055,,,,,,,,|  |  |  X XG-BT-055 em XG-BT-056 Cu eo ) Jf us f Color Option & y Color Option XG-BT-057 XG-BT-058 if! eo £ ee i A Color Option Color Option y XG-BT-059 ps) XG-BT-060 Color Option. y Color Option,needs_review
XG-BT-056,Water Bottles,11,XG-BT-056,,,,,,,,|  |  |  X XG-BT-055 em XG-BT-056 Cu eo ) Jf us f Color Option & y Color Option XG-BT-057 XG-BT-058 if! eo £ ee i A Color Option Color Option y XG-BT-059 ps) XG-BT-060 Color Option. y Color Option,needs_review
XG-BT-057,Water Bottles,11,XG-BT-057,,,,,,,,|  |  |  X XG-BT-055 em XG-BT-056 Cu eo ) Jf us f Color Option & y Color Option XG-BT-057 XG-BT-058 if! eo £ ee i A Color Option Color Option y XG-BT-059 ps) XG-BT-060 Color Option. y Color Option,needs_review
XG-BT-058,Water Bottles,11,XG-BT-058,,,,,,,,|  |  |  X XG-BT-055 em XG-BT-056 Cu eo ) Jf us f Color Option & y Color Option XG-BT-057 XG-BT-058 if! eo £ ee i A Color Option Color Option y XG-BT-059 ps) XG-BT-060 Color Option. y Color Option,needs_review
XG-BT-059,Water Bottles,11,XG-BT-059,,,,,,,,|  |  |  X XG-BT-055 em XG-BT-056 Cu eo ) Jf us f Color Option & y Color Option XG-BT-057 XG-BT-058 if! eo £ ee i A Color Option Color Option y XG-BT-059 ps) XG-BT-060 Color Option. y Color Option,needs_review
XG-BT-060,Water Bottles,11,XG-BT-060,,,,,,,,|  |  |  X XG-BT-055 em XG-BT-056 Cu eo ) Jf us f Color Option & y Color Option XG-BT-057 XG-BT-058 if! eo £ ee i A Color Option Color Option y XG-BT-059 ps) XG-BT-060 Color Option. y Color Option,needs_review
XG-BT-061,Water Bottles,12,XG-BT-061,,,,,,,,|  |  |  \  i XG-BT-061 XG-BT-062 e & yo oe | = Color Option y Color Option XG-BT-063 XG-BT-064 Product code : -KG-063 == Product code : -X6-064 Color Option — Color Option _ XG-BT-065 =e | XG-BT-066 f t e & ; =) ) Color Option ee Color Option,needs_review
XG-BT-062,Water Bottles,12,XG-BT-062,,,,,,,,|  |  |  \  i XG-BT-061 XG-BT-062 e & yo oe | = Color Option y Color Option XG-BT-063 XG-BT-064 Product code : -KG-063 == Product code : -X6-064 Color Option — Color Option _ XG-BT-065 =e | XG-BT-066 f t e & ; =) ) Color Option ee Color Option,needs_review
XG-BT-063,Water Bottles,12,XG-BT-063,,,,,,,,|  |  |  \  i XG-BT-061 XG-BT-062 e & yo oe | = Color Option y Color Option XG-BT-063 XG-BT-064 Product code : -KG-063 == Product code : -X6-064 Color Option — Color Option _ XG-BT-065 =e | XG-BT-066 f t e & ; =) ) Color Option ee Color Option,needs_review
XG-BT-064,Water Bottles,12,XG-BT-064,,,,,,,,|  |  |  \  i XG-BT-061 XG-BT-062 e & yo oe | = Color Option y Color Option XG-BT-063 XG-BT-064 Product code : -KG-063 == Product code : -X6-064 Color Option — Color Option _ XG-BT-065 =e | XG-BT-066 f t e & ; =) ) Color Option ee Color Option,needs_review
XG-BT-065,Water Bottles,12,XG-BT-065,,,,,,,,|  |  |  \  i XG-BT-061 XG-BT-062 e & yo oe | = Color Option y Color Option XG-BT-063 XG-BT-064 Product code : -KG-063 == Product code : -X6-064 Color Option — Color Option _ XG-BT-065 =e | XG-BT-066 f t e & ; =) ) Color Option ee Color Option,needs_review
XG-BT-066,Water Bottles,12,XG-BT-066,,,,,,,,i XG-BT-061 XG-BT-062 e & yo oe | = Color Option y Color Option XG-BT-063 XG-BT-064 Product code : -KG-063 == Product code : -X6-064 Color Option — Color Option _ XG-BT-065 =e | XG-BT-066 f t e & ; =) ) Color Option ee Color Option,needs_review
XG-BT-067,Water Bottles,13,XG-BT-067,,,,,,,,- A 4 p | ( \ \ SSS XG-BT-067 Bsa XG-BT-068 @ ® i / ee € Color Option _ Color Option mt XG-BT-069 a5 XG-BT-070 = Color Option = Color Option ras ad ¢ XG-BT-O71 es XG-BT-072 ] cm oe J 2 Color Option | = y Color Option e,needs_review
XG-BT-068,Water Bottles,13,XG-BT-068,,,,,,,,- A 4 p | ( \ \ SSS XG-BT-067 Bsa XG-BT-068 @ ® i / ee € Color Option _ Color Option mt XG-BT-069 a5 XG-BT-070 = Color Option = Color Option ras ad ¢ XG-BT-O71 es XG-BT-072 ] cm oe J 2 Color Option | = y Color Option e,needs_review
XG-BT-069,Water Bottles,13,XG-BT-069,,,,,,,,- A 4 p | ( \ \ SSS XG-BT-067 Bsa XG-BT-068 @ ® i / ee € Color Option _ Color Option mt XG-BT-069 a5 XG-BT-070 = Color Option = Color Option ras ad ¢ XG-BT-O71 es XG-BT-072 ] cm oe J 2 Color Option | = y Color Option e,needs_review
XG-BT-070,Water Bottles,13,XG-BT-070,,,,,,,,- A 4 p | ( \ \ SSS XG-BT-067 Bsa XG-BT-068 @ ® i / ee € Color Option _ Color Option mt XG-BT-069 a5 XG-BT-070 = Color Option = Color Option ras ad ¢ XG-BT-O71 es XG-BT-072 ] cm oe J 2 Color Option | = y Color Option e,needs_review
XG-BT-072,Water Bottles,13,XG-BT-072,,,,,,,,- A 4 p | ( \ \ SSS XG-BT-067 Bsa XG-BT-068 @ ® i / ee € Color Option _ Color Option mt XG-BT-069 a5 XG-BT-070 = Color Option = Color Option ras ad ¢ XG-BT-O71 es XG-BT-072 ] cm oe J 2 Color Option | = y Color Option e,needs_review
XG-BT-073,Water Bottles,14,XG-BT-073,,,,,,,,yy —™  |  |  |  f  \  .  SS XG-BT-073 XG-BT-074 om) e | y eee Qa ] Color Option er Color Option — XG-BL075 oo XG-BT-076 Color Option Color Option — XG-BT-077 XG-BT-078 7 cco ™! & Color Option y Color Option ‘,needs_review
XG-BT-074,Water Bottles,14,XG-BT-074,,,,,,,,yy —™  |  |  |  f  \  .  SS XG-BT-073 XG-BT-074 om) e | y eee Qa ] Color Option er Color Option — XG-BL075 oo XG-BT-076 Color Option Color Option — XG-BT-077 XG-BT-078 7 cco ™! & Color Option y Color Option ‘,needs_review
XG-BL-075,Water Bottles,14,XG-BL075,,,,,,,,yy —™  |  |  |  f  \  .  SS XG-BT-073 XG-BT-074 om) e | y eee Qa ] Color Option er Color Option — XG-BL075 oo XG-BT-076 Color Option Color Option — XG-BT-077 XG-BT-078 7 cco ™! & Color Option y Color Option ‘,needs_review
XG-BT-076,Water Bottles,14,XG-BT-076,,,,,,,,yy —™  |  |  |  f  \  .  SS XG-BT-073 XG-BT-074 om) e | y eee Qa ] Color Option er Color Option — XG-BL075 oo XG-BT-076 Color Option Color Option — XG-BT-077 XG-BT-078 7 cco ™! & Color Option y Color Option ‘,needs_review
XG-BT-077,Water Bottles,14,XG-BT-077,,,,,,,,yy —™  |  |  |  f  \  .  SS XG-BT-073 XG-BT-074 om) e | y eee Qa ] Color Option er Color Option — XG-BL075 oo XG-BT-076 Color Option Color Option — XG-BT-077 XG-BT-078 7 cco ™! & Color Option y Color Option ‘,needs_review
XG-BT-078,Water Bottles,14,XG-BT-078,,,,,,,,yy —™  |  |  |  f  \  .  SS XG-BT-073 XG-BT-074 om) e | y eee Qa ] Color Option er Color Option — XG-BL075 oo XG-BT-076 Color Option Color Option — XG-BT-077 XG-BT-078 7 cco ™! & Color Option y Color Option ‘,needs_review
XG-BT-079,Water Bottles,15,XG-BT-079,,,,,,,,y y | | y XG-BT-079 XG-BT-080 CCopacity:750 mi apackys7800mi Tr = ooo & J eco a Color Option od Color Option XG-BT-081 (i XG-BT-082 Color Option Color Option f y i XG-BT-083 - XG-BT-084 e008 C ° | e008 a Color Option = y Color Option -,needs_review
XG-BT-080,Water Bottles,15,XG-BT-080,,,,,,,,y y | | y XG-BT-079 XG-BT-080 CCopacity:750 mi apackys7800mi Tr = ooo & J eco a Color Option od Color Option XG-BT-081 (i XG-BT-082 Color Option Color Option f y i XG-BT-083 - XG-BT-084 e008 C ° | e008 a Color Option = y Color Option -,needs_review
XG-BT-081,Water Bottles,15,XG-BT-081,,,,,,,,y y | | y XG-BT-079 XG-BT-080 CCopacity:750 mi apackys7800mi Tr = ooo & J eco a Color Option od Color Option XG-BT-081 (i XG-BT-082 Color Option Color Option f y i XG-BT-083 - XG-BT-084 e008 C ° | e008 a Color Option = y Color Option -,needs_review
XG-BT-082,Water Bottles,15,XG-BT-082,,,,,,,,y y | | y XG-BT-079 XG-BT-080 CCopacity:750 mi apackys7800mi Tr = ooo & J eco a Color Option od Color Option XG-BT-081 (i XG-BT-082 Color Option Color Option f y i XG-BT-083 - XG-BT-084 e008 C ° | e008 a Color Option = y Color Option -,needs_review
XG-BT-083,Water Bottles,15,XG-BT-083,,,,,,,,y y | | y XG-BT-079 XG-BT-080 CCopacity:750 mi apackys7800mi Tr = ooo & J eco a Color Option od Color Option XG-BT-081 (i XG-BT-082 Color Option Color Option f y i XG-BT-083 - XG-BT-084 e008 C ° | e008 a Color Option = y Color Option -,needs_review
XG-BT-084,Water Bottles,15,XG-BT-084,,,,,,,,y y | | y XG-BT-079 XG-BT-080 CCopacity:750 mi apackys7800mi Tr = ooo & J eco a Color Option od Color Option XG-BT-081 (i XG-BT-082 Color Option Color Option f y i XG-BT-083 - XG-BT-084 e008 C ° | e008 a Color Option = y Color Option -,needs_review
XG-BT-085,Water Bottles,16,XG-BT-085,,,,,,,,"y / | | y \ a —— XG-BT-085 = XG-BL-086 ee ed tala 0 Peseenmacparse sania ] a uu eee = , coo | am Color Option Color Option 7 XG-BT-087 i XG-BT-088 s Deo =n J | Color Option Color Option f XG-BT-089 ral oa & HT] e Color Option 6",needs_review
XG-BL-086,Water Bottles,16,XG-BL-086,,,,,,,,"y / | | y \ a —— XG-BT-085 = XG-BL-086 ee ed tala 0 Peseenmacparse sania ] a uu eee = , coo | am Color Option Color Option 7 XG-BT-087 i XG-BT-088 s Deo =n J | Color Option Color Option f XG-BT-089 ral oa & HT] e Color Option 6",needs_review
XG-BT-087,Water Bottles,16,XG-BT-087,,,,,,,,"y / | | y \ a —— XG-BT-085 = XG-BL-086 ee ed tala 0 Peseenmacparse sania ] a uu eee = , coo | am Color Option Color Option 7 XG-BT-087 i XG-BT-088 s Deo =n J | Color Option Color Option f XG-BT-089 ral oa & HT] e Color Option 6",needs_review
XG-BT-088,Water Bottles,16,XG-BT-088,,,,,,,,"y / | | y \ a —— XG-BT-085 = XG-BL-086 ee ed tala 0 Peseenmacparse sania ] a uu eee = , coo | am Color Option Color Option 7 XG-BT-087 i XG-BT-088 s Deo =n J | Color Option Color Option f XG-BT-089 ral oa & HT] e Color Option 6",needs_review
XG-BT-089,Water Bottles,16,XG-BT-089,,,,,,,,"y \ a —— XG-BT-085 = XG-BL-086 ee ed tala 0 Peseenmacparse sania ] a uu eee = , coo | am Color Option Color Option 7 XG-BT-087 i XG-BT-088 s Deo =n J | Color Option Color Option f XG-BT-089 ral oa & HT] e Color Option 6",needs_review
